party,year,seat_count,municipality_count,total_compensation
NHKから国民を守る党,2015,1,1,8244850
NHKから国民を守る党,2016,2,2,14698950
NHKから国民を守る党,2017,2,2,15739950
NHKから国民を守る党,2018,8,8,36769350
NHKから国民を守る党,2019,40,39,275510840
NHKから国民を守る党,2020,41,40,351889006
NHKから国民を守る党,2021,39,39,330498030
NHKから国民を守る党,2022,37,36,264762252
NHKから国民を守る党,2023,27,26,79574865
NHKから国民を守る党,2024,4,4,16059000
NHKから国民を守る党,2025,2,2,14618000
NHKから国民を守る党,2026,2,2,8588000
NHKから国民を守る党,2027,1,1,1320000
NHK党,2022,2,2,4352375
NHK党,2023,3,3,19661460
NHK党,2024,3,3,20744460
NHK党,2025,3,3,20744460
NHK党,2026,3,3,16392085
NHK党,2027,1,1,1083000
あたらしい党,2019,8,8,59505360
あたらしい党,2020,8,8,72310445
あたらしい党,2021,7,7,64962695
あたらしい党,2022,7,7,64962695
あたらしい党,2023,11,8,43753085
あたらしい党,2024,4,4,36085850
あたらしい党,2025,3,3,28738100
あたらしい党,2026,3,3,28738100
あたらしい党,2027,3,3,5955950
いちはら市民ネットワーク,1999,2,1,12869800
いちはら市民ネットワーク,2000,2,1,18489800
いちはら市民ネットワーク,2001,2,1,18489800
いちはら市民ネットワーク,2002,2,1,18489800
いちはら市民ネットワーク,2003,4,1,18489800
いちはら市民ネットワーク,2004,2,1,18489800
いちはら市民ネットワーク,2005,2,1,18489800
いちはら市民ネットワーク,2006,2,1,18489800
いちはら市民ネットワーク,2007,2,1,5620000
いちはら市民ネットワーク,2015,2,1,12869800
いちはら市民ネットワーク,2016,2,1,18489800
いちはら市民ネットワーク,2017,2,1,18489800
いちはら市民ネットワーク,2018,2,1,18489800
いちはら市民ネットワーク,2019,4,1,18489800
いちはら市民ネットワーク,2020,2,1,18489800
いちはら市民ネットワーク,2021,2,1,18489800
いちはら市民ネットワーク,2022,2,1,18489800
いちはら市民ネットワーク,2023,4,1,18489800
いちはら市民ネットワーク,2024,2,1,18489800
いちはら市民ネットワーク,2025,2,1,18489800
いちはら市民ネットワーク,2026,2,1,18489800
いちはら市民ネットワーク,2027,2,1,5620000
かがやけ十勝,2011,2,1,12643000
かがやけ十勝,2012,2,1,15463000
かがやけ十勝,2013,2,1,15463000
かがやけ十勝,2014,2,1,15463000
かがやけ十勝,2015,2,1,2820000
かしま志民党,2015,1,1,4210020
かしま志民党,2016,1,1,5236020
かしま志民党,2017,1,1,5236020
かしま志民党,2018,1,1,1026000
こどもの党,2023,1,1,7745220
こどもの党,2024,1,1,9742995
こどもの党,2025,1,1,9742995
こどもの党,2026,1,1,9742995
こどもの党,2027,1,1,1997775
さくら・市民ネットワーク,1999,3,1,18492000
さくら・市民ネットワーク,2000,3,1,22632000
さくら・市民ネットワーク,2001,3,1,22632000
さくら・市民ネットワーク,2002,3,1,22632000
さくら・市民ネットワーク,2003,3,1,4140000
さくら・市民ネットワーク,2011,3,1,18492000
さくら・市民ネットワーク,2012,3,1,22632000
さくら・市民ネットワーク,2013,3,1,22632000
さくら・市民ネットワーク,2014,3,1,22632000
さくら・市民ネットワーク,2015,6,1,22632000
さくら・市民ネットワーク,2016,3,1,22632000
さくら・市民ネットワーク,2017,3,1,22632000
さくら・市民ネットワーク,2018,3,1,22632000
さくら・市民ネットワーク,2019,5,1,16468000
さくら・市民ネットワーク,2020,2,1,15088000
さくら・市民ネットワーク,2021,2,1,15088000
さくら・市民ネットワーク,2022,2,1,15088000
さくら・市民ネットワーク,2023,5,1,21252000
さくら・市民ネットワーク,2024,3,1,22632000
さくら・市民ネットワーク,2025,3,1,22632000
さくら・市民ネットワーク,2026,3,1,22632000
さくら・市民ネットワーク,2027,3,1,4140000
さやま維新の会,2011,1,1,6222500
さやま維新の会,2012,1,1,7647500
さやま維新の会,2013,1,1,7647500
さやま維新の会,2014,1,1,7647500
さやま維新の会,2015,2,1,7647500
さやま維新の会,2016,1,1,7647500
さやま維新の会,2017,1,1,7647500
さやま維新の会,2018,1,1,7647500
さやま維新の会,2019,1,1,1425000
ざおう民衆党,2020,1,1,2717000
ざおう民衆党,2021,1,1,2964000
ざおう民衆党,2022,1,1,2964000
ざおう民衆党,2023,1,1,2964000
ざおう民衆党,2024,2,1,2964000
ざおう民衆党,2025,1,1,2964000
ざおう民衆党,2026,1,1,2964000
ざおう民衆党,2027,1,1,2964000
ざおう民衆党,2028,1,1,247000
しょぼい政党,2020,1,1,4615100
しょぼい政党,2021,1,1,5656100
しょぼい政党,2022,1,1,5656100
しょぼい政党,2023,1,1,5656100
しょぼい政党,2024,1,1,1041000
せたがや政策会議,2007,2,1,15455000
せたがや政策会議,2008,2,1,19473300
せたがや政策会議,2009,2,1,19473300
せたがや政策会議,2010,2,1,19473300
せたがや政策会議,2011,2,1,4018300
たちあがれ日本,2011,6,6,41869894
たちあがれ日本,2012,6,6,51964614
たちあがれ日本,2013,6,6,51964614
たちあがれ日本,2014,6,6,45175614
たちあがれ日本,2015,5,5,8699720
たちあがれ日本,2019,1,1,7715974
たちあがれ日本,2020,1,1,9809694
たちあがれ日本,2021,1,1,9809694
たちあがれ日本,2022,1,1,9809694
たちあがれ日本,2023,2,1,9809694
たちあがれ日本,2024,1,1,9809694
たちあがれ日本,2025,1,1,9809694
たちあがれ日本,2026,1,1,9809694
たちあがれ日本,2027,1,1,2093720
たんぽぽ党,2007,1,1,2574000
たんぽぽ党,2008,1,1,2808000
たんぽぽ党,2009,1,1,2808000
たんぽぽ党,2010,1,1,702000
たんぽぽ党,2011,1,1,2574000
たんぽぽ党,2012,1,1,2808000
たんぽぽ党,2013,1,1,2808000
たんぽぽ党,2014,1,1,2808000
たんぽぽ党,2015,2,1,2808000
たんぽぽ党,2016,1,1,2808000
たんぽぽ党,2017,1,1,2808000
たんぽぽ党,2018,1,1,702000
つくば　維新の会,2012,1,1,2136660
つくば　維新の会,2013,1,1,6865920
つくば　維新の会,2014,1,1,6865920
つくば　維新の会,2015,1,1,6865920
つくば　維新の会,2016,1,1,5176260
つくば・市民ネットワーク,2008,2,1,4273320
つくば・市民ネットワーク,2009,2,1,13731840
つくば・市民ネットワーク,2010,2,1,13731840
つくば・市民ネットワーク,2011,2,1,13731840
つくば・市民ネットワーク,2012,5,1,15868500
つくば・市民ネットワーク,2013,3,1,20597760
つくば・市民ネットワーク,2014,3,1,20597760
つくば・市民ネットワーク,2015,3,1,20597760
つくば・市民ネットワーク,2016,7,1,22287420
つくば・市民ネットワーク,2017,4,1,27463680
つくば・市民ネットワーク,2018,4,1,27463680
つくば・市民ネットワーク,2019,4,1,27463680
つくば・市民ネットワーク,2020,8,1,27463680
つくば・市民ネットワーク,2021,4,1,27463680
つくば・市民ネットワーク,2022,4,1,27463680
つくば・市民ネットワーク,2023,4,1,27463680
つくば・市民ネットワーク,2024,8,1,27463680
つくば・市民ネットワーク,2025,4,1,27463680
つくば・市民ネットワーク,2026,4,1,27463680
つくば・市民ネットワーク,2027,4,1,27463680
つくば・市民ネットワーク,2028,4,1,18917040
つながる市民・練馬,2023,1,1,7503000
つながる市民・練馬,2024,1,1,9471000
つながる市民・練馬,2025,1,1,9471000
つながる市民・練馬,2026,1,1,9471000
つながる市民・練馬,2027,1,1,1968000
つばさの党,2022,1,1,5535000
つばさの党,2023,2,2,8472000
つばさの党,2024,2,2,13304250
つばさの党,2025,2,2,13304250
つばさの党,2026,2,2,7769250
つばさの党,2027,1,1,4832250
とうごうの未来を創る会,2019,1,1,2547000
とうごうの未来を創る会,2020,1,1,3396000
とうごうの未来を創る会,2021,1,1,3396000
とうごうの未来を創る会,2022,1,1,3396000
とうごうの未来を創る会,2023,1,1,849000
とりで生活者ネットワーク,2020,1,1,6312960
とりで生活者ネットワーク,2021,1,1,6312960
とりで生活者ネットワーク,2022,1,1,6312960
とりで生活者ネットワーク,2023,1,1,1233000
なら分権の会,2013,2,1,13350000
なら分権の会,2014,2,1,15350000
なら分権の会,2015,2,1,15350000
なら分権の会,2016,3,1,9675000
なら分権の会,2017,1,1,1000000
はじめの一歩,2023,1,1,5084100
はじめの一歩,2024,1,1,6218100
はじめの一歩,2025,1,1,6218100
はじめの一歩,2026,1,1,6218100
はじめの一歩,2027,1,1,1134000
はにゅう市民ネットワーク,2019,1,1,4987500
はにゅう市民ネットワーク,2020,1,1,6112500
はにゅう市民ネットワーク,2021,1,1,6112500
はにゅう市民ネットワーク,2022,1,1,1500000
はにゅう市民ネットワーク,2023,1,1,4987500
はにゅう市民ネットワーク,2024,1,1,6112500
はにゅう市民ネットワーク,2025,1,1,6112500
はにゅう市民ネットワーク,2026,1,1,6112500
はにゅう市民ネットワーク,2027,1,1,1125000
ひだか市民ネットワーク,2023,1,1,4694050
ひだか市民ネットワーク,2024,1,1,1047000
ふくいの党,2023,1,1,3166460
ふくいの党,2024,1,1,6251520
ふくいの党,2025,1,1,6251520
ふくいの党,2026,1,1,6251520
ふくいの党,2027,1,1,3085060
ふくおかネットワーク,2004,2,1,4127760
ふくおかネットワーク,2005,2,1,13547520
ふくおかネットワーク,2006,5,2,16783440
ふくおかネットワーク,2007,6,3,36370560
ふくおかネットワーク,2008,7,3,35506680
ふくおかネットワーク,2009,5,3,30796800
ふくおかネットワーク,2010,5,3,27560880
ふくおかネットワーク,2011,2,2,7973760
ふくおかネットワーク,2012,1,1,4709880
ふくおか市民政治,2019,1,1,4944000
ふくおか市民政治,2020,1,1,6144000
ふくおか市民政治,2021,1,1,6144000
ふくおか市民政治,2022,1,1,6144000
ふくおか市民政治,2023,1,1,1200000
ふくおか市民政治ネットワーク,2010,2,1,2157280
ふくおか市民政治ネットワーク,2011,4,3,19464360
ふくおか市民政治ネットワーク,2012,6,4,25659120
ふくおか市民政治ネットワーク,2013,6,4,23935520
ふくおか市民政治ネットワーク,2014,5,4,13336640
ふくおか市民政治ネットワーク,2015,5,3,15571680
ふくおか市民政治ネットワーク,2016,4,4,17635560
ふくおか市民政治ネットワーク,2017,4,4,22345440
ふくおか市民政治ネットワーク,2018,4,4,22345440
ふくおか市民政治ネットワーク,2019,5,4,17401440
ふくおか市民政治ネットワーク,2020,4,3,16201440
ふくおか市民政治ネットワーク,2021,4,4,20191440
ふくおか市民政治ネットワーク,2022,5,4,20791440
ふくおか市民政治ネットワーク,2023,6,5,25735440
ふくおか市民政治ネットワーク,2024,6,5,24917940
ふくおか市民政治ネットワーク,2025,4,4,22345440
ふくおか市民政治ネットワーク,2026,4,4,21266800
ふくおか市民政治ネットワーク,2027,3,3,8840760
ふくおか市民政治ネットワーク,2028,1,1,4709880
ふくしま県民党,2015,1,1,1129500
ふくしま県民党,2016,1,1,2710800
ふくしま県民党,2017,1,1,2710800
ふくしま県民党,2018,1,1,2710800
ふくしま県民党,2019,1,1,1581300
ふるやたかしと志木の福祉と教育を守る会,2024,1,1,4615100
ふるやたかしと志木の福祉と教育を守る会,2025,1,1,5656100
ふるやたかしと志木の福祉と教育を守る会,2026,1,1,5656100
ふるやたかしと志木の福祉と教育を守る会,2027,1,1,5656100
ふるやたかしと志木の福祉と教育を守る会,2028,1,1,1041000
みどりのオンブズマン,2007,1,1,7208000
みどりのオンブズマン,2008,1,1,8798000
みどりのオンブズマン,2009,1,1,8798000
みどりのオンブズマン,2010,1,1,8798000
みどりのオンブズマン,2011,2,1,8798000
みどりのオンブズマン,2012,1,1,8798000
みどりのオンブズマン,2013,1,1,8798000
みどりのオンブズマン,2014,1,1,8798000
みどりのオンブズマン,2015,2,1,8798000
みどりのオンブズマン,2016,1,1,8798000
みどりのオンブズマン,2017,1,1,8798000
みどりのオンブズマン,2018,1,1,8798000
みどりのオンブズマン,2019,2,1,8798000
みどりのオンブズマン,2020,1,1,8798000
みどりのオンブズマン,2021,1,1,8798000
みどりのオンブズマン,2022,1,1,8798000
みどりのオンブズマン,2023,1,1,1590000
みんなの党,2009,1,1,2313840
みんなの党,2010,15,11,58170278
みんなの党,2011,181,113,1168007598
みんなの党,2012,190,119,1507197274
みんなの党,2013,194,124,1511665068
みんなの党,2014,184,115,1385794518
みんなの党,2015,159,102,442296157
みんなの党,2016,24,19,140677507
みんなの党,2017,21,15,99893647
みんなの党,2018,14,13,72486930
みんなの党,2019,10,10,60180005
みんなの党,2020,8,8,47940380
みんなの党,2021,6,6,34199540
みんなの党,2022,3,3,11378800
みんなの党,2023,1,1,975000
みんなの党愛知,2023,1,1,5836800
みんなの党愛知,2024,1,1,5836800
みんなの党愛知,2025,1,1,5836800
みんなの党愛知,2026,1,1,5836800
みんなの改革,2015,2,2,6706775
みんなの改革,2016,2,2,11836250
みんなの改革,2017,2,2,11836250
みんなの改革,2018,2,2,11836250
みんなの改革,2019,2,2,5129475
よしかわ市民ネットワーク,2020,1,1,5789200
よしかわ市民ネットワーク,2021,1,1,5789200
よしかわ市民ネットワーク,2022,1,1,5789200
よしかわ市民ネットワーク,2023,2,1,5789200
よしかわ市民ネットワーク,2024,1,1,5789200
よしかわ市民ネットワーク,2025,1,1,5789200
よしかわ市民ネットワーク,2026,1,1,5789200
よしかわ市民ネットワーク,2027,1,1,5789200
れいわ新選組,2022,1,1,2292000
れいわ新選組,2023,51,50,327822283
れいわ新選組,2024,53,52,435095278
れいわ新選組,2025,51,50,433988978
れいわ新選組,2026,51,50,431696978
れいわ新選組,2027,50,49,120675145
れいわ新選組,2028,2,2,7614750
オリーブの木,2019,1,1,1137000
オリーブの木,2020,2,2,8556575
オリーブの木,2021,2,2,12819900
オリーブの木,2022,2,2,12819900
オリーブの木,2023,2,2,11682900
オリーブの木,2024,1,1,4263325
オンブズマンみなと,2007,1,1,7745220
オンブズマンみなと,2008,1,1,9742995
オンブズマンみなと,2009,1,1,9742995
オンブズマンみなと,2010,1,1,9742995
オンブズマンみなと,2011,2,1,9742995
オンブズマンみなと,2012,1,1,9742995
オンブズマンみなと,2013,1,1,9742995
オンブズマンみなと,2014,1,1,9742995
オンブズマンみなと,2015,1,1,1997775
オンブズマン練馬,2007,1,1,7503000
オンブズマン練馬,2008,1,1,9471000
オンブズマン練馬,2009,1,1,9471000
オンブズマン練馬,2010,1,1,9471000
オンブズマン練馬,2011,2,1,9471000
オンブズマン練馬,2012,1,1,9471000
オンブズマン練馬,2013,1,1,9471000
オンブズマン練馬,2014,1,1,1968000
オンブズマン練馬,2015,1,1,7503000
オンブズマン練馬,2016,1,1,9471000
オンブズマン練馬,2017,1,1,9471000
オンブズマン練馬,2018,1,1,1968000
オンブズマン練馬,2019,1,1,7503000
オンブズマン練馬,2020,1,1,9471000
オンブズマン練馬,2021,1,1,9471000
オンブズマン練馬,2022,1,1,1968000
ガンバル,2019,1,1,7715974
ガンバル,2020,1,1,9809694
ガンバル,2021,1,1,9809694
ガンバル,2022,1,1,9809694
ガンバル,2023,1,1,2093720
サラリーマン新党,2007,1,1,5710320
サラリーマン新党,2008,1,1,7096320
サラリーマン新党,2009,1,1,4425960
スーパークレイジー君党,2021,1,1,7407000
スーパークレイジー君党,2022,1,1,7407000
スーパークレイジー君党,2023,2,2,14583730
スーパークレイジー君党,2024,2,2,16332730
スーパークレイジー君党,2025,1,1,8925730
スーパークレイジー君党,2026,1,1,8925730
スーパークレイジー君党,2027,1,1,1749000
チームはんのう,2017,1,1,5159000
チームはんのう,2018,1,1,6314000
チームはんのう,2019,1,1,6314000
チームはんのう,2020,1,1,6314000
チームはんのう,2021,2,1,6314000
チームはんのう,2022,1,1,6314000
チームはんのう,2023,1,1,6314000
チームはんのう,2024,1,1,6314000
チームはんのう,2025,1,1,1155000
ニュースタイルかめおか党,2023,1,1,6758400
ニュースタイルかめおか党,2024,1,1,6758400
ニュースタイルかめおか党,2025,1,1,6758400
ニュースタイルかめおか党,2026,1,1,6758400
ネットワーク三芳,2003,1,1,2268000
ネットワーク三芳,2004,1,1,3024000
ネットワーク三芳,2005,1,1,3024000
ネットワーク三芳,2006,1,1,3024000
ネットワーク三芳,2007,2,1,3024000
ネットワーク三芳,2008,1,1,3024000
ネットワーク三芳,2009,1,1,3024000
ネットワーク三芳,2010,1,1,3024000
ネットワーク三芳,2011,1,1,756000
ネットワーク横浜,2009,1,1,5003250
ネットワーク横浜,2010,1,1,4765000
プロジェク：くまもと再生,2003,3,1,25029000
プロジェク：くまもと再生,2004,3,1,31104000
プロジェク：くまもと再生,2005,3,1,31104000
プロジェク：くまもと再生,2006,3,1,31104000
プロジェク：くまもと再生,2007,3,1,6075000
三木新党8人のサムライ,2011,6,1,34136100
三木新党8人のサムライ,2012,6,1,41750100
三木新党8人のサムライ,2013,6,1,41750100
三木新党8人のサムライ,2014,6,1,41750100
三木新党8人のサムライ,2015,9,1,24682050
三木新党8人のサムライ,2016,3,1,20875050
三木新党8人のサムライ,2017,3,1,20875050
三木新党8人のサムライ,2018,3,1,20875050
三木新党8人のサムライ,2019,3,1,3807000
三重民主連合,2019,1,1,6111000
三重民主連合,2020,1,1,7566000
三重民主連合,2021,1,1,7566000
三重民主連合,2022,1,1,7566000
三重民主連合,2023,1,1,1455000
上尾みらいの党,2023,1,1,1446375
上尾みらいの党,2024,1,1,7155750
上尾みらいの党,2025,1,1,7155750
上尾みらいの党,2026,1,1,7155750
上尾みらいの党,2027,1,1,5709375
上野原市民オンブズマン,2011,1,1,3991000
上野原市民オンブズマン,2012,1,1,3991000
上野原市民オンブズマン,2013,1,1,3991000
上野原市民オンブズマン,2014,1,1,3991000
上野原市民オンブズマン,2015,1,1,3991000
上野原市民オンブズマン,2016,1,1,3991000
上野原市民オンブズマン,2017,1,1,3991000
上野原市民オンブズマン,2018,1,1,3991000
上野原市民オンブズマン,2019,1,1,3991000
上野原市民オンブズマン,2020,1,1,3991000
上野原市民オンブズマン,2021,1,1,3991000
上野原市民オンブズマン,2022,1,1,3991000
上野原市民オンブズマン,2023,1,1,3991000
上野原市民オンブズマン,2024,1,1,3991000
上野原市民オンブズマン,2025,1,1,3991000
上野原市民オンブズマン,2026,1,1,3991000
世田谷・生活者ネットワーク,1999,4,1,30910000
世田谷・生活者ネットワーク,2000,4,1,38946600
世田谷・生活者ネットワーク,2001,4,1,38946600
世田谷・生活者ネットワーク,2002,4,1,38946600
世田谷・生活者ネットワーク,2003,9,1,46674100
世田谷・生活者ネットワーク,2004,5,1,48683250
世田谷・生活者ネットワーク,2005,5,1,48683250
世田谷・生活者ネットワーク,2006,5,1,48683250
世田谷・生活者ネットワーク,2007,9,1,40955750
世田谷・生活者ネットワーク,2008,4,1,38946600
世田谷・生活者ネットワーク,2009,4,1,38946600
世田谷・生活者ネットワーク,2010,4,1,38946600
世田谷・生活者ネットワーク,2011,8,1,38946600
世田谷・生活者ネットワーク,2012,4,1,38946600
世田谷・生活者ネットワーク,2013,4,1,38946600
世田谷・生活者ネットワーク,2014,4,1,38946600
世田谷・生活者ネットワーク,2015,6,1,23491600
世田谷・生活者ネットワーク,2016,2,1,19473300
世田谷・生活者ネットワーク,2017,2,1,19473300
世田谷・生活者ネットワーク,2018,2,1,19473300
世田谷・生活者ネットワーク,2019,5,1,27200800
世田谷・生活者ネットワーク,2020,3,1,29209950
世田谷・生活者ネットワーク,2021,3,1,29209950
世田谷・生活者ネットワーク,2022,3,1,29209950
世田谷・生活者ネットワーク,2023,5,1,21482450
世田谷・生活者ネットワーク,2024,2,1,19473300
世田谷・生活者ネットワーク,2025,2,1,19473300
世田谷・生活者ネットワーク,2026,2,1,19473300
世田谷・生活者ネットワーク,2027,2,1,4018300
世田谷行革110番,1999,1,1,7727500
世田谷行革110番,2000,1,1,9736650
世田谷行革110番,2001,1,1,9736650
世田谷行革110番,2002,1,1,9736650
世田谷行革110番,2003,2,1,9736650
世田谷行革110番,2004,1,1,9736650
世田谷行革110番,2005,1,1,9736650
世田谷行革110番,2006,1,1,9736650
世田谷行革110番,2007,1,1,2009150
世田谷行革110番,2011,1,1,7727500
世田谷行革110番,2012,1,1,9736650
世田谷行革110番,2013,1,1,9736650
世田谷行革110番,2014,1,1,9736650
世田谷行革110番,2015,2,1,9736650
世田谷行革110番,2016,1,1,9736650
世田谷行革110番,2017,1,1,9736650
世田谷行革110番,2018,1,1,9736650
世田谷行革110番,2019,2,1,9736650
世田谷行革110番,2020,1,1,9736650
世田谷行革110番,2021,1,1,9736650
世田谷行革110番,2022,1,1,9736650
世田谷行革110番,2023,2,1,9736650
世田谷行革110番,2024,1,1,9736650
世田谷行革110番,2025,1,1,9736650
世田谷行革110番,2026,1,1,9736650
世田谷行革110番,2027,1,1,2009150
中野・生活者ネットワーク,2007,1,1,7333050
中野・生活者ネットワーク,2008,1,1,9247300
中野・生活者ネットワーク,2009,1,1,9247300
中野・生活者ネットワーク,2010,1,1,2503250
中野・生活者ネットワーク,2011,1,1,7333050
中野・生活者ネットワーク,2012,1,1,9247300
中野・生活者ネットワーク,2013,1,1,9247300
中野・生活者ネットワーク,2014,1,1,9247300
中野・生活者ネットワーク,2015,2,1,9247300
中野・生活者ネットワーク,2016,1,1,9247300
中野・生活者ネットワーク,2017,1,1,9247300
中野・生活者ネットワーク,2018,1,1,3092250
中野・生活者ネットワーク,2023,1,1,7333050
中野・生活者ネットワーク,2024,1,1,9247300
中野・生活者ネットワーク,2025,1,1,9247300
中野・生活者ネットワーク,2026,1,1,9247300
中野・生活者ネットワーク,2027,1,1,1914250
住民自治を進める街づくり会議,1999,1,1,1137000
住民自治を進める街づくり会議,2000,1,1,5969250
住民自治を進める街づくり会議,2001,1,1,5969250
住民自治を進める街づくり会議,2002,1,1,5969250
住民自治を進める街づくり会議,2003,1,1,4832250
佐倉市民オンブズマン,1999,1,1,6164000
佐倉市民オンブズマン,2000,1,1,7544000
佐倉市民オンブズマン,2001,1,1,7544000
佐倉市民オンブズマン,2002,1,1,7544000
佐倉市民オンブズマン,2003,2,1,7544000
佐倉市民オンブズマン,2004,1,1,7544000
佐倉市民オンブズマン,2005,1,1,7544000
佐倉市民オンブズマン,2006,1,1,7544000
佐倉市民オンブズマン,2007,3,1,13708000
佐倉市民オンブズマン,2008,2,1,15088000
佐倉市民オンブズマン,2009,2,1,15088000
佐倉市民オンブズマン,2010,2,1,15088000
佐倉市民オンブズマン,2011,4,1,15088000
佐倉市民オンブズマン,2012,2,1,15088000
佐倉市民オンブズマン,2013,2,1,15088000
佐倉市民オンブズマン,2014,2,1,15088000
佐倉市民オンブズマン,2015,3,1,8924000
佐倉市民オンブズマン,2016,1,1,7544000
佐倉市民オンブズマン,2017,1,1,7544000
佐倉市民オンブズマン,2018,1,1,7544000
佐倉市民オンブズマン,2019,2,1,7544000
佐倉市民オンブズマン,2020,1,1,7544000
佐倉市民オンブズマン,2021,1,1,7544000
佐倉市民オンブズマン,2022,1,1,7544000
佐倉市民オンブズマン,2023,1,1,1380000
保守新党,2003,2,2,15302650
保守新党,2004,2,2,19257900
保守新党,2005,2,2,19257900
保守新党,2006,2,2,19257900
保守新党,2007,2,2,3955250
元気かめおか,2023,1,1,6758400
元気かめおか,2024,1,1,6758400
元気かめおか,2025,1,1,6758400
元気かめおか,2026,1,1,6758400
元気クラブ,2003,1,1,7756800
元気クラブ,2004,1,1,9726300
元気クラブ,2005,1,1,9726300
元気クラブ,2006,1,1,9726300
元気クラブ,2007,1,1,1969500
八王子・生活者ネットワーク,1999,2,1,16592000
八王子・生活者ネットワーク,2000,2,1,20252000
八王子・生活者ネットワーク,2001,2,1,20252000
八王子・生活者ネットワーク,2002,2,1,20252000
八王子・生活者ネットワーク,2003,4,1,20252000
八王子・生活者ネットワーク,2004,2,1,20252000
八王子・生活者ネットワーク,2005,2,1,20252000
八王子・生活者ネットワーク,2006,2,1,20252000
八王子・生活者ネットワーク,2007,4,1,20252000
八王子・生活者ネットワーク,2008,2,1,20252000
八王子・生活者ネットワーク,2009,2,1,20252000
八王子・生活者ネットワーク,2010,2,1,20252000
八王子・生活者ネットワーク,2011,3,1,11956000
八王子・生活者ネットワーク,2012,1,1,10126000
八王子・生活者ネットワーク,2013,1,1,10126000
八王子・生活者ネットワーク,2014,1,1,10126000
八王子・生活者ネットワーク,2015,3,1,18422000
八王子・生活者ネットワーク,2016,2,1,20252000
八王子・生活者ネットワーク,2017,2,1,20252000
八王子・生活者ネットワーク,2018,2,1,20252000
八王子・生活者ネットワーク,2019,4,1,20252000
八王子・生活者ネットワーク,2020,2,1,20252000
八王子・生活者ネットワーク,2021,2,1,20252000
八王子・生活者ネットワーク,2022,2,1,20252000
八王子・生活者ネットワーク,2023,4,1,20252000
八王子・生活者ネットワーク,2024,2,1,20252000
八王子・生活者ネットワーク,2025,2,1,20252000
八王子・生活者ネットワーク,2026,2,1,20252000
八王子・生活者ネットワーク,2027,2,1,3660000
公共,2005,2,2,2402000
公共,2006,2,2,4908000
公共,2007,2,2,4908000
公共,2008,2,2,4908000
公共,2009,2,2,2271000
公明党,1967,8,3,48554850
公明党,1968,8,3,57473850
公明党,1969,8,3,57473850
公明党,1970,8,3,57473850
公明党,1971,14,3,57473850
公明党,1972,8,3,57473850
公明党,1973,9,4,58958850
公明党,1974,9,4,63552450
公明党,1975,18,4,82969430
公明党,1976,12,4,87421430
公明党,1977,13,4,87421430
公明党,1978,12,4,87421430
公明党,1979,22,5,88996430
公明党,1980,13,5,81322970
公明党,1981,12,4,79324970
公明党,1982,11,4,79324970
公明党,1983,23,5,89521430
公明党,1984,13,5,89521430
公明党,1985,14,5,89521430
公明党,1986,13,5,89521430
公明党,1987,21,5,76735300
公明党,1988,11,5,61465240
公明党,1989,9,4,58972240
公明党,1990,9,4,63565840
公明党,1991,19,5,73762300
公明党,1992,11,5,73762300
公明党,1993,13,6,74512300
公明党,1994,12,6,76762300
公明党,1995,23,8,96564400
公明党,1996,17,8,112138400
公明党,1997,24,9,125089400
公明党,1998,41,19,191859750
公明党,1999,662,204,3990532636
公明党,2000,694,223,5207478292
公明党,2001,770,245,5574078562
公明党,2002,810,252,5784953590
公明党,2003,1870,433,8829306216
公明党,2004,1353,438,9622518472
公明党,2005,1473,504,9785840002
公明党,2006,1691,621,10540407228
公明党,2007,2991,882,13762536411
公明党,2008,2312,942,14938390729
公明党,2009,2542,1013,14866462160
公明党,2010,2501,992,14533477777
公明党,2011,3643,1077,15972237379
公明党,2012,2598,1066,16071757701
公明党,2013,2744,1048,15679272391
公明党,2014,2610,1021,14741312660
公明党,2015,3655,1090,15959270706
公明党,2016,2567,1064,16184807048
公明党,2017,2693,1069,15993154640
公明党,2018,2704,1060,15331131322
公明党,2019,3695,1071,15643077702
公明党,2020,2516,1056,15510042902
公明党,2021,2647,1073,15025132610
公明党,2022,2568,1033,14109047118
公明党,2023,3537,1105,15227215938
公明党,2024,2523,1073,15303474142
公明党,2025,2217,1001,13910283680
公明党,2026,1933,837,11898507558
公明党,2027,1576,648,3551189704
公明党,2028,178,100,422092274
公明政治連盟,1963,2,1,13261700
公明政治連盟,1964,2,1,16219700
公明政治連盟,1965,2,1,16219700
公明政治連盟,1966,2,1,16219700
公明政治連盟,1967,2,1,2958000
公民,2002,1,1,1548000
公民,2003,11,3,88581070
公民,2004,11,3,107142070
公民,2005,11,3,107142070
公民,2006,11,3,107142070
公民,2007,11,3,19641000
公民党,2010,2,1,9418320
公民党,2011,3,2,16032945
公民党,2012,3,2,17103945
公民党,2013,3,2,17103945
公民党,2014,5,2,17103945
公民党,2015,4,2,17103945
公民党,2016,3,2,17103945
公民党,2017,3,2,17103945
公民党,2018,3,2,7685625
公民党,2019,1,1,1071000
北近畿の明日をつくる会,2019,1,1,5067600
北近畿の明日をつくる会,2020,1,1,6297600
北近畿の明日をつくる会,2021,1,1,6297600
北近畿の明日をつくる会,2022,1,1,6297600
北近畿の明日をつくる会,2023,1,1,1230000
区民の声を届ける会,2015,1,1,7483050
区民の声を届ける会,2016,1,1,9501300
区民の声を届ける会,2017,1,1,9501300
区民の声を届ける会,2018,1,1,9501300
区民の声を届ける会,2019,1,1,2018250
厚木新党,2023,1,1,3706400
厚木新党,2024,1,1,7322400
厚木新党,2025,1,1,7322400
厚木新党,2026,1,1,7322400
厚木新党,2027,1,1,3616000
参政党,2022,10,9,20260530
参政党,2023,122,120,680868912
参政党,2024,138,136,947817386
参政党,2025,135,133,965090656
参政党,2026,135,133,944830126
参政党,2027,124,123,295372183
参政党,2028,15,15,34832300
反政党・改革派,2003,1,1,7727500
反政党・改革派,2004,1,1,9736650
反政党・改革派,2005,1,1,9736650
反政党・改革派,2006,1,1,9736650
反政党・改革派,2007,1,1,2009150
吉田区政を守る無党派の会,1999,1,1,7675600
吉田区政を守る無党派の会,2000,1,1,9687350
吉田区政を守る無党派の会,2001,1,1,9687350
吉田区政を守る無党派の会,2002,1,1,9687350
吉田区政を守る無党派の会,2003,1,1,2630750
吹田いきいき市民ネットワーク,2003,3,1,26130000
吹田いきいき市民ネットワーク,2004,3,1,31980000
吹田いきいき市民ネットワーク,2005,3,1,31980000
吹田いきいき市民ネットワーク,2006,3,1,31980000
吹田いきいき市民ネットワーク,2007,4,1,14560000
吹田いきいき市民ネットワーク,2008,1,1,10660000
吹田いきいき市民ネットワーク,2009,1,1,10660000
吹田いきいき市民ネットワーク,2010,1,1,10660000
吹田いきいき市民ネットワーク,2011,2,1,10660000
吹田いきいき市民ネットワーク,2012,1,1,10660000
吹田いきいき市民ネットワーク,2013,1,1,10660000
吹田いきいき市民ネットワーク,2014,1,1,10660000
吹田いきいき市民ネットワーク,2015,2,1,10660000
吹田いきいき市民ネットワーク,2016,1,1,10660000
吹田いきいき市民ネットワーク,2017,1,1,10660000
吹田いきいき市民ネットワーク,2018,1,1,10660000
吹田いきいき市民ネットワーク,2019,2,1,10660000
吹田いきいき市民ネットワーク,2020,1,1,10660000
吹田いきいき市民ネットワーク,2021,1,1,10660000
吹田いきいき市民ネットワーク,2022,1,1,10660000
吹田いきいき市民ネットワーク,2023,2,1,10660000
吹田いきいき市民ネットワーク,2024,1,1,10660000
吹田いきいき市民ネットワーク,2025,1,1,10660000
吹田いきいき市民ネットワーク,2026,1,1,10660000
吹田いきいき市民ネットワーク,2027,1,1,1950000
吹田・維新の会,2011,1,1,8710000
吹田・維新の会,2012,1,1,10660000
吹田・維新の会,2013,1,1,10660000
吹田・維新の会,2014,1,1,10660000
吹田・維新の会,2015,1,1,1950000
吹田党,2023,3,1,26130000
吹田党,2024,3,1,31980000
吹田党,2025,3,1,31980000
吹田党,2026,3,1,31980000
吹田党,2027,3,1,5850000
吹田新選会,2015,3,1,26130000
吹田新選会,2016,3,1,31980000
吹田新選会,2017,3,1,31980000
吹田新選会,2018,3,1,31980000
吹田新選会,2019,6,1,31980000
吹田新選会,2020,3,1,31980000
吹田新選会,2021,3,1,31980000
吹田新選会,2022,3,1,31980000
吹田新選会,2023,3,1,5850000
命どぅ宝！琉球の自己決定権の会,2018,1,1,972000
命どぅ宝！琉球の自己決定権の会,2019,1,1,2916000
命どぅ宝！琉球の自己決定権の会,2020,1,1,1458000
品川・生活者ネットワーク,1999,1,1,7441680
品川・生活者ネットワーク,2000,1,1,9411180
品川・生活者ネットワーク,2001,1,1,9411180
品川・生活者ネットワーク,2002,1,1,9411180
品川・生活者ネットワーク,2003,3,1,16852860
品川・生活者ネットワーク,2004,2,1,18822360
品川・生活者ネットワーク,2005,2,1,18822360
品川・生活者ネットワーク,2006,2,1,13198680
品川・生活者ネットワーク,2007,2,1,14883360
品川・生活者ネットワーク,2008,2,1,18822360
品川・生活者ネットワーク,2009,2,1,18822360
品川・生活者ネットワーク,2010,2,1,13198680
品川・生活者ネットワーク,2011,1,1,7441680
品川・生活者ネットワーク,2012,1,1,9411180
品川・生活者ネットワーク,2013,1,1,9411180
品川・生活者ネットワーク,2014,1,1,6599340
品川・生活者ネットワーク,2015,2,1,14883360
品川・生活者ネットワーク,2016,2,1,18822360
品川・生活者ネットワーク,2017,2,1,18822360
品川・生活者ネットワーク,2018,2,1,11986680
品川・生活者ネットワーク,2019,2,1,14883360
品川・生活者ネットワーク,2020,2,1,18822360
品川・生活者ネットワーク,2021,2,1,18822360
品川・生活者ネットワーク,2022,2,1,13198680
品川・生活者ネットワーク,2023,1,1,7441680
品川・生活者ネットワーク,2024,1,1,9411180
品川・生活者ネットワーク,2025,1,1,9411180
品川・生活者ネットワーク,2026,1,1,9411180
品川・生活者ネットワーク,2027,1,1,1969500
四條畷維新の会,2011,3,1,21306000
四條畷維新の会,2012,3,1,26076000
四條畷維新の会,2013,3,1,20789250
国分寺・生活者ネットワーク,1999,2,1,12361000
国分寺・生活者ネットワーク,2000,2,1,15181000
国分寺・生活者ネットワーク,2001,2,1,4700000
国分寺・生活者ネットワーク,2003,3,1,18541500
国分寺・生活者ネットワーク,2004,3,1,22771500
国分寺・生活者ネットワーク,2005,3,1,11280000
国分寺・生活者ネットワーク,2007,3,1,18541500
国分寺・生活者ネットワーク,2008,3,1,22771500
国分寺・生活者ネットワーク,2009,3,1,7050000
国分寺・生活者ネットワーク,2011,3,1,18541500
国分寺・生活者ネットワーク,2012,3,1,22771500
国分寺・生活者ネットワーク,2013,3,1,7050000
国分寺・生活者ネットワーク,2015,3,1,18541500
国分寺・生活者ネットワーク,2016,3,1,22771500
国分寺・生活者ネットワーク,2017,3,1,22771500
国分寺・生活者ネットワーク,2018,3,1,22771500
国分寺・生活者ネットワーク,2019,5,1,16591000
国分寺・生活者ネットワーク,2020,2,1,15181000
国分寺・生活者ネットワーク,2021,3,1,11350500
国分寺・生活者ネットワーク,2022,1,1,7590500
国分寺・生活者ネットワーク,2023,4,1,19951500
国分寺・生活者ネットワーク,2024,3,1,22771500
国分寺・生活者ネットワーク,2025,3,1,22771500
国分寺・生活者ネットワーク,2026,3,1,22771500
国分寺・生活者ネットワーク,2027,3,1,4230000
国民会議,1999,2,2,15229000
国民会議,2000,2,2,19066400
国民会議,2001,2,2,19066400
国民会議,2002,2,2,19066400
国民会議,2003,2,2,3837400
国民新党,2007,3,3,20150850
国民新党,2008,3,3,25323100
国民新党,2009,3,3,25323100
国民新党,2010,3,3,18579050
国民新党,2011,3,3,10444800
国民新党,2012,1,1,9073335
国民新党,2013,1,1,9073335
国民新党,2014,1,1,9073335
国民新党,2015,1,1,1886535
国民民主党,2018,9,6,39580150
国民民主党,2019,150,104,854998430
国民民主党,2020,158,111,1144373525
国民民主党,2021,158,113,1093910475
国民民主党,2022,150,106,1013395105
国民民主党,2023,243,150,987670625
国民民主党,2024,145,118,1015866490
国民民主党,2025,131,107,956498040
国民民主党,2026,125,101,928401390
国民民主党,2027,118,94,285900030
国民民主党,2028,11,11,23512640
国立・生活者ネットワーク,2007,3,1,18669000
国立・生活者ネットワーク,2008,3,1,23446500
国立・生活者ネットワーク,2009,3,1,23446500
国立・生活者ネットワーク,2010,3,1,23446500
国立・生活者ネットワーク,2011,6,1,23446500
国立・生活者ネットワーク,2012,3,1,23446500
国立・生活者ネットワーク,2013,3,1,23446500
国立・生活者ネットワーク,2014,3,1,23446500
国立・生活者ネットワーク,2015,3,1,4777500
国立・生活者ネットワーク,2019,1,1,6223000
国立・生活者ネットワーク,2020,1,1,7815500
国立・生活者ネットワーク,2021,1,1,7815500
国立・生活者ネットワーク,2022,1,1,7815500
国立・生活者ネットワーク,2023,3,1,14038500
国立・生活者ネットワーク,2024,2,1,15631000
国立・生活者ネットワーク,2025,2,1,15631000
国立・生活者ネットワーク,2026,2,1,15631000
国立・生活者ネットワーク,2027,2,1,3185000
地域政党「町政刷新かがみいし」,2023,2,1,2259000
地域政党「町政刷新かがみいし」,2024,2,1,5421600
地域政党「町政刷新かがみいし」,2025,2,1,5421600
地域政党「町政刷新かがみいし」,2026,2,1,5421600
地域政党「町政刷新かがみいし」,2027,2,1,3162600
地域政党「越谷市民の会」,2021,1,1,3061875
地域政党「越谷市民の会」,2022,1,1,9458750
地域政党「越谷市民の会」,2023,1,1,1725000
地域政党いわて,2010,2,1,5220600
地域政党いわて,2011,2,1,10407300
地域政党いわて,2012,2,1,10407300
地域政党いわて,2013,2,1,10407300
地域政党いわて,2014,2,1,5186700
地域政党かがやけ十勝,2015,1,1,6321500
地域政党かがやけ十勝,2016,1,1,7731500
地域政党かがやけ十勝,2017,1,1,7731500
地域政党かがやけ十勝,2018,1,1,1410000
地域政党きずな庄原,2021,4,1,17485000
地域政党きずな庄原,2022,4,1,21385000
地域政党きずな庄原,2023,4,1,21385000
地域政党きずな庄原,2024,4,1,21385000
地域政党きずな庄原,2025,4,1,3900000
地域政党ふくちやま,2015,2,1,10135200
地域政党ふくちやま,2016,2,1,12595200
地域政党ふくちやま,2017,2,1,12595200
地域政党ふくちやま,2018,2,1,12595200
地域政党ふくちやま,2019,3,1,7527600
地域政党ふくちやま,2020,1,1,6297600
地域政党ふくちやま,2021,1,1,6297600
地域政党ふくちやま,2022,1,1,6297600
地域政党ふくちやま,2023,1,1,1230000
地域政党三田前進の会,2012,1,1,3067625
地域政党三田前進の会,2013,1,1,7978250
地域政党三田前進の会,2014,1,1,7978250
地域政党三田前進の会,2015,1,1,3940625
地域政党京都久御山党,2019,1,1,2520000
地域政党京都久御山党,2020,1,1,3360000
地域政党京都久御山党,2021,1,1,3360000
地域政党京都久御山党,2022,1,1,3360000
地域政党京都久御山党,2023,2,1,3360000
地域政党京都久御山党,2024,1,1,1960000
地域政党京都宇治党,2019,1,1,6607250
地域政党京都宇治党,2020,1,1,8212250
地域政党京都宇治党,2021,1,1,8212250
地域政党京都宇治党,2022,1,1,8212250
地域政党京都宇治党,2023,2,1,8212250
地域政党京都宇治党,2024,1,1,6741000
地域政党市民の声,2023,1,1,5067600
地域政党市民の声,2024,1,1,2050000
地域政党草の根運動いが,2021,2,1,11251800
地域政党草の根運動いが,2022,2,1,12943800
地域政党草の根運動いが,2023,2,1,12943800
地域政党草の根運動いが,2024,2,1,9813600
地域政党蓮田から変える会,2011,1,1,4640250
地域政党蓮田から変える会,2012,1,1,5675250
地域政党蓮田から変える会,2013,1,1,5675250
地域政党蓮田から変える会,2014,1,1,1380000
墨田オンブズマン,2011,1,1,7545850
墨田オンブズマン,2012,1,1,9531600
墨田オンブズマン,2013,1,1,9531600
墨田オンブズマン,2014,1,1,9531600
墨田オンブズマン,2015,2,1,9531600
墨田オンブズマン,2016,1,1,9531600
墨田オンブズマン,2017,1,1,9531600
墨田オンブズマン,2018,1,1,9531600
墨田オンブズマン,2019,2,1,9531600
墨田オンブズマン,2020,1,1,9531600
墨田オンブズマン,2021,1,1,9531600
墨田オンブズマン,2022,1,1,9531600
墨田オンブズマン,2023,1,1,1985750
多摩・生活者ネットワーク,2002,1,1,6477950
多摩・生活者ネットワーク,2003,3,1,14439400
多摩・生活者ネットワーク,2004,2,1,15922900
多摩・生活者ネットワーク,2005,2,1,15922900
多摩・生活者ネットワーク,2006,2,1,15922900
多摩・生活者ネットワーク,2007,4,1,15922900
多摩・生活者ネットワーク,2008,2,1,15922900
多摩・生活者ネットワーク,2009,2,1,15922900
多摩・生活者ネットワーク,2010,2,1,2967000
多摩・生活者ネットワーク,2011,2,1,12955900
多摩・生活者ネットワーク,2012,2,1,15922900
多摩・生活者ネットワーク,2013,2,1,15922900
多摩・生活者ネットワーク,2014,2,1,2967000
多摩・生活者ネットワーク,2015,2,1,12955900
多摩・生活者ネットワーク,2016,2,1,15922900
多摩・生活者ネットワーク,2017,2,1,15922900
多摩・生活者ネットワーク,2018,2,1,2967000
多摩・生活者ネットワーク,2019,2,1,12955900
多摩・生活者ネットワーク,2020,2,1,15922900
多摩・生活者ネットワーク,2021,2,1,15922900
多摩・生活者ネットワーク,2022,2,1,2967000
多摩・生活者ネットワーク,2023,2,1,12955900
多摩・生活者ネットワーク,2024,2,1,15922900
多摩・生活者ネットワーク,2025,2,1,15922900
多摩・生活者ネットワーク,2026,2,1,15922900
多摩・生活者ネットワーク,2027,2,1,2967000
大東維新の会,2012,2,1,15871000
大東維新の会,2013,2,1,19411000
大東維新の会,2014,2,1,19411000
大東維新の会,2015,2,1,19411000
大東維新の会,2016,2,1,3540000
大田・生活者ネットワーク,1999,2,1,17156188
大田・生活者ネットワーク,2000,2,1,19619388
大田・生活者ネットワーク,2001,2,1,19619388
大田・生活者ネットワーク,2002,2,1,19619388
大田・生活者ネットワーク,2003,4,1,19619388
大田・生活者ネットワーク,2004,2,1,19619388
大田・生活者ネットワーク,2005,2,1,19619388
大田・生活者ネットワーク,2006,2,1,19619388
大田・生活者ネットワーク,2007,2,1,4187440
大田・生活者ネットワーク,2011,2,1,15431948
大田・生活者ネットワーク,2012,2,1,19619388
大田・生活者ネットワーク,2013,2,1,19619388
大田・生活者ネットワーク,2014,2,1,19619388
大田・生活者ネットワーク,2015,3,1,11903414
大田・生活者ネットワーク,2016,1,1,9809694
大田・生活者ネットワーク,2017,1,1,9809694
大田・生活者ネットワーク,2018,1,1,9809694
大田・生活者ネットワーク,2019,2,1,9809694
大田・生活者ネットワーク,2020,1,1,9809694
大田・生活者ネットワーク,2021,1,1,9809694
大田・生活者ネットワーク,2022,1,1,9809694
大田・生活者ネットワーク,2023,1,1,2093720
大阪再生ネットワーク,2007,1,1,8710000
大阪再生ネットワーク,2008,1,1,10660000
大阪再生ネットワーク,2009,1,1,10660000
大阪再生ネットワーク,2010,1,1,10660000
大阪再生ネットワーク,2011,1,1,1950000
大阪狭山維新の会,2019,1,1,6222500
大阪狭山維新の会,2020,1,1,7647500
大阪狭山維新の会,2021,1,1,7647500
大阪狭山維新の会,2022,1,1,7647500
大阪狭山維新の会,2023,1,1,1425000
大阪維新 ,2015,1,1,3134700
大阪維新 ,2016,1,1,12345300
大阪維新 ,2017,1,1,12345300
大阪維新 ,2018,1,1,6888600
大阪維新の会,2010,1,1,6230700
大阪維新の会,2011,1,1,12345300
大阪維新の会,2012,1,1,9984600
大阪維新の会,2015,43,15,309074280
大阪維新の会,2016,55,19,483372580
大阪維新の会,2017,63,21,610174580
大阪維新の会,2018,71,23,642361330
大阪維新の会,2019,149,30,968041480
大阪維新の会,2020,136,34,1058763980
大阪維新の会,2021,143,39,1160406430
大阪維新の会,2022,147,37,1206608930
大阪維新の会,2023,259,39,1594847810
大阪維新の会,2024,212,39,1637672760
大阪維新の会,2025,177,38,1539198260
大阪維新の会,2026,156,32,1421306510
大阪維新の会,2027,149,30,514198600
大阪維新の会,2028,25,8,112991250
大阪維新の会　箕面,2012,4,1,17812000
大阪維新の会　箕面,2013,4,1,40016000
大阪維新の会　箕面,2014,4,1,40016000
大阪維新の会　箕面,2015,4,1,40016000
大阪維新の会　箕面,2016,4,1,22204000
大阪維新の会いばらき,2013,6,1,65337600
大阪維新の会いばらき,2014,6,1,65337600
大阪維新の会いばらき,2015,6,1,65337600
大阪維新の会いばらき,2016,6,1,11952000
大阪維新の会高槻・島本,2013,1,1,2970000
大阪維新の会高槻・島本,2014,1,1,3960000
大阪維新の会高槻・島本,2015,1,1,3960000
大阪維新の会高槻・島本,2016,1,1,3960000
大阪維新の会高槻・島本,2017,1,1,990000
奈良維新の会,2013,2,1,9214160
奈良維新の会,2014,2,1,18249520
奈良維新の会,2015,2,1,18249520
奈良維新の会,2016,2,1,18249520
奈良維新の会,2017,4,1,18249520
奈良維新の会,2018,2,1,18249520
奈良維新の会,2019,2,1,18249520
奈良維新の会,2020,2,1,18249520
奈良維新の会,2021,2,1,9035360
妙高はね馬クラブ,2019,2,1,4375140
妙高はね馬クラブ,2020,2,1,8665050
妙高はね馬クラブ,2021,2,1,8665050
妙高はね馬クラブ,2022,2,1,8665050
妙高はね馬クラブ,2023,4,1,8665050
妙高はね馬クラブ,2024,2,1,8665050
妙高はね馬クラブ,2025,2,1,8665050
妙高はね馬クラブ,2026,2,1,8665050
妙高はね馬クラブ,2027,2,1,4289910
宇治維新21（片岡維新）,2015,1,1,6607250
宇治維新21（片岡維新）,2016,1,1,8212250
宇治維新21（片岡維新）,2017,1,1,8212250
宇治維新21（片岡維新）,2018,1,1,8212250
宇治維新21（片岡維新）,2019,1,1,1605000
宇治維新の会,2012,1,1,1471250
宇治維新の会,2013,1,1,8212250
宇治維新の会,2014,1,1,8212250
宇治維新の会,2015,1,1,1605000
宮崎ネットワーク運動かどかわ,2007,1,1,2288000
宮崎ネットワーク運動かどかわ,2008,1,1,2496000
宮崎ネットワーク運動かどかわ,2009,1,1,2496000
宮崎ネットワーク運動かどかわ,2010,1,1,624000
富士見市民ネットワーク,2001,1,1,5324950
富士見市民ネットワーク,2002,1,1,6082950
富士見市民ネットワーク,2003,1,1,6082950
富士見市民ネットワーク,2004,1,1,2994100
富士見市民ネットワーク,2005,1,1,5324950
富士見市民ネットワーク,2006,1,1,6082950
富士見市民ネットワーク,2007,1,1,6082950
富士見市民ネットワーク,2008,2,1,6082950
富士見市民ネットワーク,2009,1,1,758000
富士見市民ネットワーク,2013,1,1,5324950
富士見市民ネットワーク,2014,1,1,6082950
富士見市民ネットワーク,2015,1,1,6082950
富士見市民ネットワーク,2016,1,1,2994100
小平・生活者ネット,2003,2,1,14135000
小平・生活者ネット,2004,2,1,17435000
小平・生活者ネット,2005,2,1,17435000
小平・生活者ネット,2006,2,1,17435000
小平・生活者ネット,2007,2,1,3300000
小平・生活者ネットワーク,1999,2,1,14135000
小平・生活者ネットワーク,2000,2,1,17435000
小平・生活者ネットワーク,2001,2,1,17435000
小平・生活者ネットワーク,2002,2,1,17435000
小平・生活者ネットワーク,2003,2,1,3300000
小平・生活者ネットワーク,2007,3,1,21202500
小平・生活者ネットワーク,2008,3,1,26152500
小平・生活者ネットワーク,2009,3,1,4950000
小平・生活者ネットワーク,2011,3,1,21202500
小平・生活者ネットワーク,2012,3,1,26152500
小平・生活者ネットワーク,2013,3,1,26152500
小平・生活者ネットワーク,2014,3,1,26152500
小平・生活者ネットワーク,2015,6,1,26152500
小平・生活者ネットワーク,2016,3,1,26152500
小平・生活者ネットワーク,2017,3,1,4950000
小平・生活者ネットワーク,2019,3,1,21202500
小平・生活者ネットワーク,2020,3,1,26152500
小平・生活者ネットワーク,2021,3,1,4950000
小平・生活者ネットワーク,2023,2,1,14135000
小平・生活者ネットワーク,2024,2,1,17435000
小平・生活者ネットワーク,2025,2,1,17435000
小平・生活者ネットワーク,2026,2,1,17435000
小平・生活者ネットワーク,2027,2,1,3300000
小金井・生活者ネットワーク,2009,1,1,6835500
小金井・生活者ネットワーク,2010,1,1,7815500
小金井・生活者ネットワーク,2011,1,1,7815500
小金井・生活者ネットワーク,2012,1,1,7815500
小金井・生活者ネットワーク,2013,3,1,14651000
小金井・生活者ネットワーク,2014,2,1,15631000
小金井・生活者ネットワーク,2015,2,1,12740000
小金井・生活者ネットワーク,2017,1,1,6835500
小金井・生活者ネットワーク,2018,1,1,7815500
小金井・生活者ネットワーク,2019,1,1,6370000
小金井・生活者ネットワーク,2021,1,1,6835500
小金井・生活者ネットワーク,2022,1,1,5880000
市役所を民・営・化する会,2015,1,1,7959600
市役所を民・営・化する会,2016,1,1,9741600
市役所を民・営・化する会,2017,1,1,9741600
市役所を民・営・化する会,2018,1,1,9741600
市役所を民・営・化する会,2019,1,1,1782000
市民の,2003,1,1,1804050
市民の,2004,1,1,6920800
市民の,2005,1,1,6920800
市民の,2006,1,1,6920800
市民の,2007,1,1,5116750
市民の党,1999,6,3,41106400
市民の党,2000,9,4,60734375
市民の党,2001,9,4,73524350
市民の党,2002,9,4,73524350
市民の党,2003,12,5,46836750
市民の党,2004,8,3,41310425
市民の党,2005,5,3,37047100
市民の党,2006,6,4,43374100
市民の党,2007,10,6,48759750
市民の党,2008,7,4,43617175
市民の党,2009,7,5,53024850
市民の党,2010,8,6,61311850
市民の党,2011,12,6,69762800
市民の党,2012,9,5,66296050
市民の党,2013,8,5,43673800
市民の党,2014,3,3,16948050
市民の党,2015,2,2,10466650
市民の党,2016,2,1,6850650
市民の党,2017,1,1,6850650
市民の党,2018,1,1,6850650
市民の党,2019,1,1,6850650
市民の党,2020,1,1,4263325
市民の声ねりま,2011,1,1,7503000
市民の声ねりま,2012,1,1,9471000
市民の声ねりま,2013,1,1,9471000
市民の声ねりま,2014,1,1,1968000
市民の声ねりま,2015,2,1,15006000
市民の声ねりま,2016,2,1,18942000
市民の声ねりま,2017,2,1,18942000
市民の声ねりま,2018,3,1,11439000
市民の声ねりま,2019,4,1,24477000
市民の声ねりま,2020,3,1,28413000
市民の声ねりま,2021,3,1,28413000
市民の声ねりま,2022,3,1,5904000
市民をつなぐ党,2023,3,3,5969250
市民をつなぐ党,2024,3,3,12501000
市民をつなぐ党,2025,3,3,12501000
市民をつなぐ党,2026,3,3,12501000
市民をつなぐ党,2027,3,3,6531750
市民ネットワーク,2003,10,5,60510600
市民ネットワーク,2004,11,6,88688800
市民ネットワーク,2005,11,6,89097300
市民ネットワーク,2006,11,6,89097300
市民ネットワーク,2007,11,6,28586700
市民ネットワーク,2008,1,1,408500
市民ネットワークちば,2001,1,1,8816500
市民ネットワークちば,2002,1,1,12666500
市民ネットワークちば,2003,1,1,12666500
市民ネットワークちば,2004,1,1,12666500
市民ネットワークちば,2005,1,1,12666500
市民ネットワークちば,2006,1,1,12666500
市民ネットワークちば,2007,1,1,12666500
市民ネットワークちば,2008,1,1,12666500
市民ネットワークちば,2009,1,1,8566250
市民ネットワークちば,2021,1,1,11126500
市民ネットワークちば,2022,1,1,12666500
市民ネットワークちば,2023,1,1,12666500
市民ネットワークちば,2024,1,1,12666500
市民ネットワークちば,2025,1,1,1540000
市民ネットワーク・かしわ,1999,2,1,8510750
市民ネットワーク・かしわ,2000,2,1,18983300
市民ネットワーク・かしわ,2001,2,1,18983300
市民ネットワーク・かしわ,2002,2,1,18983300
市民ネットワーク・かしわ,2003,2,1,10472550
市民ネットワーク・かしわ,2015,1,1,4255375
市民ネットワーク・かしわ,2016,1,1,9491650
市民ネットワーク・かしわ,2017,1,1,9491650
市民ネットワーク・かしわ,2018,1,1,9491650
市民ネットワーク・かしわ,2019,2,1,9491650
市民ネットワーク・かしわ,2020,1,1,9491650
市民ネットワーク・かしわ,2021,1,1,9491650
市民ネットワーク・かしわ,2022,1,1,9491650
市民ネットワーク・かしわ,2023,2,1,9491650
市民ネットワーク・かしわ,2024,1,1,9491650
市民ネットワーク・かしわ,2025,1,1,9491650
市民ネットワーク・かしわ,2026,1,1,9491650
市民ネットワーク・かしわ,2027,1,1,5236275
市民ネットワーク・のだ,2006,2,1,11070000
市民ネットワーク・のだ,2007,2,1,14670000
市民ネットワーク・のだ,2008,2,1,4500000
市民ネットワーク・のだ,2010,2,1,11070000
市民ネットワーク・のだ,2011,2,1,14670000
市民ネットワーク・のだ,2012,2,1,14670000
市民ネットワーク・のだ,2013,2,1,14670000
市民ネットワーク・のだ,2014,3,1,9135000
市民ネットワーク・のだ,2015,1,1,7335000
市民ネットワーク・のだ,2016,1,1,7335000
市民ネットワーク・のだ,2017,1,1,7335000
市民ネットワーク・のだ,2018,2,1,7335000
市民ネットワーク・のだ,2019,1,1,7335000
市民ネットワーク・のだ,2020,1,1,2250000
市民ネットワーク・のだ,2022,1,1,5535000
市民ネットワーク・のだ,2023,1,1,7335000
市民ネットワーク・のだ,2024,1,1,7335000
市民ネットワーク・のだ,2025,1,1,7335000
市民ネットワーク・のだ,2026,1,1,1800000
市民ネットワーク・ふなばし,2007,1,1,8244850
市民ネットワーク・ふなばし,2008,1,1,10083850
市民ネットワーク・ふなばし,2009,1,1,10083850
市民ネットワーク・ふなばし,2010,1,1,10083850
市民ネットワーク・ふなばし,2011,2,1,10083850
市民ネットワーク・ふなばし,2012,1,1,10083850
市民ネットワーク・ふなばし,2013,1,1,10083850
市民ネットワーク・ふなばし,2014,1,1,10083850
市民ネットワーク・ふなばし,2015,2,1,10083850
市民ネットワーク・ふなばし,2016,1,1,10083850
市民ネットワーク・ふなばし,2017,1,1,10083850
市民ネットワーク・ふなばし,2018,1,1,10083850
市民ネットワーク・ふなばし,2019,2,1,10083850
市民ネットワーク・ふなばし,2020,1,1,10083850
市民ネットワーク・ふなばし,2021,1,1,3065000
市民ネットワーク北海道,1999,1,1,4152960
市民ネットワーク北海道,2000,1,1,5160960
市民ネットワーク北海道,2001,1,1,5160960
市民ネットワーク北海道,2002,1,1,5160960
市民ネットワーク北海道,2003,4,2,10897920
市民ネットワーク北海道,2004,3,2,13201920
市民ネットワーク北海道,2005,3,2,13201920
市民ネットワーク北海道,2006,3,2,13201920
市民ネットワーク北海道,2007,8,4,22557590
市民ネットワーク北海道,2008,5,4,24732590
市民ネットワーク北海道,2009,5,4,22050280
市民ネットワーク北海道,2010,4,3,19420020
市民ネットワーク北海道,2011,8,4,21531590
市民ネットワーク北海道,2012,4,3,21852590
市民ネットワーク北海道,2013,4,3,21852590
市民ネットワーク北海道,2014,4,3,21852590
市民ネットワーク北海道,2015,7,3,17223100
市民ネットワーク北海道,2016,3,2,15786100
市民ネットワーク北海道,2017,3,2,15786100
市民ネットワーク北海道,2018,3,2,15786100
市民ネットワーク北海道,2019,5,2,11969140
市民ネットワーク北海道,2020,2,1,10625140
市民ネットワーク北海道,2021,2,1,10625140
市民ネットワーク北海道,2022,2,1,10625140
市民ネットワーク北海道,2023,4,1,10625140
市民ネットワーク北海道,2024,2,1,10625140
市民ネットワーク北海道,2025,2,1,10625140
市民ネットワーク北海道,2026,2,1,10625140
市民ネットワーク北海道,2027,2,1,2082000
市民ネットワーク千葉県,2007,9,4,56339875
市民ネットワーク千葉県,2008,10,5,83424800
市民ネットワーク千葉県,2009,10,5,83833300
市民ネットワーク千葉県,2010,11,5,83833300
市民ネットワーク千葉県,2011,14,6,54539525
市民ネットワーク千葉県,2012,6,4,42323250
市民ネットワーク千葉県,2013,5,4,39710950
市民ネットワーク千葉県,2014,4,3,32387450
市民ネットワーク千葉県,2015,5,3,19517650
市民ネットワーク千葉県,2016,3,2,13897650
市民ネットワーク千葉県,2017,2,2,13897650
市民ネットワーク千葉県,2018,2,2,13897650
市民ネットワーク千葉県,2019,3,2,13897650
市民ネットワーク千葉県,2020,3,2,13897650
市民ネットワーク千葉県,2021,2,2,13897650
市民ネットワーク千葉県,2022,2,2,13897650
市民ネットワーク千葉県,2023,2,2,2575500
市民ネットワーク四街道,2000,1,1,6086650
市民ネットワーク四街道,2001,1,1,6495150
市民ネットワーク四街道,2002,1,1,6495150
市民ネットワーク四街道,2003,1,1,6495150
市民ネットワーク四街道,2004,1,1,408500
市民ネットワーク所沢,2007,1,1,7509600
市民ネットワーク所沢,2008,1,1,9189600
市民ネットワーク所沢,2009,1,1,9189600
市民ネットワーク所沢,2010,1,1,9189600
市民ネットワーク所沢,2011,2,1,9189600
市民ネットワーク所沢,2012,1,1,9189600
市民ネットワーク所沢,2013,1,1,9189600
市民ネットワーク所沢,2014,1,1,9189600
市民ネットワーク所沢,2015,2,1,9189600
市民ネットワーク所沢,2016,1,1,9189600
市民ネットワーク所沢,2017,1,1,9189600
市民ネットワーク所沢,2018,1,1,9189600
市民ネットワーク所沢,2019,1,1,1680000
市民ネットワーク鶴ヶ島,2011,1,1,4757000
市民ネットワーク鶴ヶ島,2012,1,1,5822000
市民ネットワーク鶴ヶ島,2013,1,1,5822000
市民ネットワーク鶴ヶ島,2014,1,1,5822000
市民ネットワーク鶴ヶ島,2015,2,1,5822000
市民ネットワーク鶴ヶ島,2016,1,1,5822000
市民ネットワーク鶴ヶ島,2017,1,1,5822000
市民ネットワーク鶴ヶ島,2018,1,1,5822000
市民ネットワーク鶴ヶ島,2019,2,1,5822000
市民ネットワーク鶴ヶ島,2020,1,1,5822000
市民ネットワーク鶴ヶ島,2021,1,1,5822000
市民ネットワーク鶴ヶ島,2022,1,1,5822000
市民ネットワーク鶴ヶ島,2023,1,1,1065000
希望の風那須,2019,1,1,2750000
希望の風那須,2020,1,1,3000000
希望の風那須,2021,1,1,3000000
希望の風那須,2022,1,1,3000000
希望の風那須,2023,1,1,250000
平和市民,1995,2,1,7412800
平和市民,1996,2,1,14644800
平和市民,1997,2,1,14644800
平和市民,1998,2,1,14644800
平和市民,1999,2,1,7232000
幸福実現党,2014,1,1,2440800
幸福実現党,2015,6,6,18956280
幸福実現党,2016,8,8,26146694
幸福実現党,2017,8,8,32931648
幸福実現党,2018,13,13,46468598
幸福実現党,2019,33,31,113405998
幸福実現党,2020,30,30,134460340
幸福実現党,2021,40,40,174541050
幸福実現党,2022,45,41,203278500
幸福実現党,2023,65,51,203786710
幸福実現党,2024,50,48,206509300
幸福実現党,2025,44,44,179888350
幸福実現党,2026,36,36,146397970
幸福実現党,2027,30,30,62515940
幸福実現党,2028,7,7,15421140
府中・生活者ネットワーク,2007,3,1,22440000
府中・生活者ネットワーク,2008,3,1,27390000
府中・生活者ネットワーク,2009,3,1,27390000
府中・生活者ネットワーク,2010,3,1,27390000
府中・生活者ネットワーク,2011,6,1,27390000
府中・生活者ネットワーク,2012,3,1,27390000
府中・生活者ネットワーク,2013,3,1,27390000
府中・生活者ネットワーク,2014,3,1,27390000
府中・生活者ネットワーク,2015,5,1,19910000
府中・生活者ネットワーク,2016,2,1,18260000
府中・生活者ネットワーク,2017,2,1,18260000
府中・生活者ネットワーク,2018,2,1,18260000
府中・生活者ネットワーク,2019,4,1,18260000
府中・生活者ネットワーク,2020,2,1,18260000
府中・生活者ネットワーク,2021,2,1,18260000
府中・生活者ネットワーク,2022,2,1,18260000
府中・生活者ネットワーク,2023,3,1,10780000
府中・生活者ネットワーク,2024,1,1,9130000
府中・生活者ネットワーク,2025,1,1,9130000
府中・生活者ネットワーク,2026,1,1,9130000
府中・生活者ネットワーク,2027,1,1,1650000
座間未来の党,2024,1,1,2587325
座間未来の党,2025,1,1,6850650
座間未来の党,2026,1,1,6850650
座間未来の党,2027,1,1,6850650
座間未来の党,2028,1,1,4263325
彦根党,2023,3,1,14956650
彦根党,2024,3,1,18601650
彦根党,2025,3,1,18601650
彦根党,2026,3,1,18601650
彦根党,2027,3,1,3645000
改革推進の会,2018,1,1,6361200
改革推進の会,2019,1,1,9151200
改革推進の会,2020,1,1,9151200
改革推進の会,2021,1,1,9151200
改革推進の会,2022,1,1,2790000
政党そうぞう,2006,1,1,904000
政党そうぞう,2007,1,1,2712000
政党そうぞう,2008,1,1,1130000
政党そうぞう,2009,2,1,8965800
政党そうぞう,2010,7,6,26514540
政党そうぞう,2011,7,6,41689880
政党そうぞう,2012,7,6,40717880
政党そうぞう,2013,7,5,33798980
政党そうぞう,2014,6,5,20953040
政党そうぞう,2015,2,2,8148600
政党そうぞう,2016,2,2,8148600
政党そうぞう,2017,3,3,12631500
政党そうぞう,2018,3,3,14134400
政党そうぞう,2019,1,1,8907200
政党そうぞう,2020,1,1,8907200
政党そうぞう,2021,1,1,4424300
政治家女子48党,2023,1,1,8244850
政治家女子48党,2024,1,1,10083850
政治家女子48党,2025,1,1,10083850
政治家女子48党,2026,1,1,10083850
政治家女子48党,2027,1,1,1839000
政策チーム光,2017,2,1,14832000
政策チーム光,2018,2,1,18432000
政策チーム光,2019,2,1,18432000
政策チーム光,2020,2,1,18432000
政策チーム光,2021,2,1,3600000
文京・生活者ネットワーク,2015,1,1,7186800
文京・生活者ネットワーク,2016,1,1,9073335
文京・生活者ネットワーク,2017,1,1,9073335
文京・生活者ネットワーク,2018,1,1,9073335
文京・生活者ネットワーク,2019,1,1,1886535
新しい風・にぬふぁぶし,2021,1,1,4482900
新しい風・にぬふぁぶし,2022,1,1,6182300
新党えびな,2023,1,1,1804050
新党えびな,2024,1,1,6920800
新党えびな,2025,1,1,6920800
新党えびな,2026,1,1,6920800
新党えびな,2027,1,1,5116750
新党・市民の力,2011,1,1,4734400
新党・市民の力,2012,1,1,5790400
新党・市民の力,2013,1,1,5790400
新党・市民の力,2014,1,1,5790400
新党・市民の力,2015,2,1,5790400
新党・市民の力,2016,1,1,5790400
新党・市民の力,2017,1,1,5790400
新党・市民の力,2018,1,1,5790400
新党・市民の力,2019,2,1,5790400
新党・市民の力,2020,1,1,5790400
新党・市民の力,2021,1,1,5790400
新党・市民の力,2022,1,1,5790400
新党・市民の力,2023,2,1,5790400
新党・市民の力,2024,1,1,5790400
新党・市民の力,2025,1,1,5790400
新党・市民の力,2026,1,1,5790400
新党・市民の力,2027,1,1,1056000
新党四街道,2024,1,1,6086650
新党四街道,2025,1,1,6495150
新党四街道,2026,1,1,6495150
新党四街道,2027,1,1,6495150
新党四街道,2028,1,1,408500
新党大地,2007,2,2,7493400
新党大地,2008,2,2,9344400
新党大地,2009,2,2,9344400
新党大地,2010,3,3,15557900
新党大地,2011,10,8,37787830
新党大地,2012,8,8,39340880
新党大地,2013,7,7,30870555
新党大地,2014,8,8,40289180
新党大地,2015,15,10,40286430
新党大地,2016,8,8,36649680
新党大地,2017,9,8,36649680
新党大地,2018,8,8,36649680
新党大地,2019,14,9,29572110
新党大地,2020,7,6,28153110
新党大地,2021,9,6,29093735
新党大地,2022,7,5,31018860
新党大地,2023,11,5,24962460
新党大地,2024,6,4,23492460
新党大地,2025,6,4,18909210
新党大地,2026,4,3,13128960
新党大地,2027,4,3,3336000
新社会党,1998,1,1,1769375
新社会党,1999,16,14,103063095
新社会党,2000,16,14,129670360
新社会党,2001,16,14,122078610
新社会党,2002,15,12,113059860
新社会党,2003,36,20,152654020
新社会党,2004,23,17,168023520
新社会党,2005,23,17,166307420
新社会党,2006,27,21,164237395
新社会党,2007,45,26,218520270
新社会党,2008,32,26,230618080
新社会党,2009,33,27,248149830
新社会党,2010,36,28,249123930
新社会党,2011,44,28,178666460
新社会党,2012,23,18,142042110
新社会党,2013,22,18,143246990
新社会党,2014,23,17,137635990
新社会党,2015,31,21,134637225
新社会党,2016,21,16,126677450
新社会党,2017,20,16,135575050
新社会党,2018,20,16,123678850
新社会党,2019,27,14,104566050
新社会党,2020,18,13,94537450
新社会党,2021,15,12,83398490
新社会党,2022,13,10,80293490
新社会党,2023,21,9,75505990
新社会党,2024,11,8,64341830
新社会党,2025,9,6,58907570
新社会党,2026,9,6,58907570
新社会党,2027,9,6,11482590
新自由クラブ,1979,1,1,6630850
新自由クラブ,1980,1,1,8109850
新自由クラブ,1981,1,1,8109850
新自由クラブ,1982,1,1,8109850
新自由クラブ,1983,1,1,1479000
日本を元気にする会,2015,4,4,23819620
日本を元気にする会,2016,4,4,34683155
日本を元気にする会,2017,4,4,34683155
日本を元気にする会,2018,4,4,34683155
日本を元気にする会,2019,4,4,10863535
日本一愛知の会,2011,4,3,25712270
日本一愛知の会,2012,5,4,34893190
日本一愛知の会,2013,5,4,41389310
日本一愛知の会,2014,5,4,41389310
日本一愛知の会,2015,5,4,15677040
日本一愛知の会,2016,2,2,12191500
日本一愛知の会,2017,1,1,6093380
日本一愛知の会,2018,1,1,6093380
日本一愛知の会,2019,1,1,6093380
日本一愛知の会,2020,1,1,398000
日本保守党（代表者：百田尚樹）,2024,1,1,5537280
日本保守党（代表者：百田尚樹）,2025,1,1,6881280
日本保守党（代表者：百田尚樹）,2026,1,1,6881280
日本保守党（代表者：百田尚樹）,2027,1,1,6881280
日本保守党（代表者：百田尚樹）,2028,1,1,1344000
日本共和党,2007,1,1,1566000
日本共和党,2008,1,1,3132000
日本共和党,2009,1,1,3132000
日本共和党,2010,1,1,3132000
日本共和党,2011,1,1,1566000
日本共産党,1955,2,2,11729080
日本共産党,1956,2,2,13208080
日本共産党,1957,2,2,13208080
日本共産党,1958,2,2,13208080
日本共産党,1959,3,2,13208080
日本共産党,1960,2,2,13208080
日本共産党,1961,2,2,13208080
日本共産党,1962,2,2,13208080
日本共産党,1963,2,2,6577230
日本共産党,1964,1,1,5098230
日本共産党,1965,1,1,5098230
日本共産党,1966,1,1,5098230
日本共産党,1971,4,3,24515210
日本共産党,1972,4,3,28967210
日本共産党,1973,8,4,34907210
日本共産党,1974,8,4,53281610
日本共産党,1975,11,4,51748990
日本共産党,1976,8,4,50269990
日本共産党,1977,13,4,51754990
日本共産党,1978,9,4,56348590
日本共産党,1979,15,5,72284720
日本共産党,1980,13,5,68109260
日本共産党,1981,14,4,63141260
日本共産党,1982,9,4,53954060
日本共産党,1983,15,5,51839960
日本共産党,1984,9,4,48851960
日本共産党,1985,12,4,48851960
日本共産党,1986,9,4,48851960
日本共産党,1987,14,5,60063090
日本共産党,1988,11,5,46115430
日本共産党,1989,9,4,43127430
日本共産党,1990,8,4,52314630
日本共産党,1991,16,5,64086090
日本共産党,1992,11,5,64611090
日本共産党,1993,14,5,64611090
日本共産党,1994,11,5,64611090
日本共産党,1995,19,7,82533290
日本共産党,1996,14,6,94551290
日本共産党,1997,23,7,107502290
日本共産党,1998,59,23,220090535
日本共産党,1999,658,224,3601421119
日本共産党,2000,691,247,4684323725
日本共産党,2001,765,271,4982314670
日本共産党,2002,804,282,5164708110
日本共産党,2003,1728,494,7246359446
日本共産党,2004,1251,503,7793949456
日本共産党,2005,1385,581,7950737979
日本共産党,2006,1635,720,8845364954
日本共産党,2007,2912,1072,11802662425
日本共産党,2008,2345,1140,12915099257
日本共産党,2009,2650,1248,13052715202
日本共産党,2010,2653,1230,13107999688
日本共産党,2011,3601,1340,13655045420
日本共産党,2012,2598,1284,13541406453
日本共産党,2013,2749,1266,12952132388
日本共産党,2014,2602,1235,12402439241
日本共産党,2015,3555,1348,13762261092
日本共産党,2016,2588,1305,13974146556
日本共産党,2017,2692,1292,13655379479
日本共産党,2018,2703,1280,13020713772
日本共産党,2019,3472,1296,12724697598
日本共産党,2020,2378,1250,12473945111
日本共産党,2021,2475,1257,11919958956
日本共産党,2022,2393,1208,11103058668
日本共産党,2023,3068,1285,11392959750
日本共産党,2024,2192,1233,11191462278
日本共産党,2025,1887,1140,9978447286
日本共産党,2026,1601,949,8302476089
日本共産党,2027,1263,746,2607049568
日本共産党,2028,164,116,338155267
日本創新党,2011,5,4,31957128
日本創新党,2012,6,5,47062278
日本創新党,2013,6,5,45652278
日本創新党,2014,5,4,31680950
日本創新党,2015,3,3,9564700
日本民主党,1955,1,1,6630850
日本民主党,1956,1,1,8109850
日本民主党,1957,1,1,8109850
日本民主党,1958,1,1,8109850
日本民主党,1959,1,1,1479000
日本社会党,1951,1,1,6630850
日本社会党,1952,1,1,8109850
日本社会党,1953,1,1,8109850
日本社会党,1954,1,1,8109850
日本社会党,1955,1,1,1479000
日本社会党,1959,2,1,13261700
日本社会党,1960,2,1,16219700
日本社会党,1961,2,1,16219700
日本社会党,1962,2,1,16219700
日本社会党,1963,5,2,21317930
日本社会党,1964,3,2,21317930
日本社会党,1965,3,2,21317930
日本社会党,1966,3,2,21317930
日本社会党,1967,12,3,62766360
日本社会党,1968,10,3,70221360
日本社会党,1969,10,3,70221360
日本社会党,1970,10,3,70221360
日本社会党,1971,14,3,53394050
日本社会党,1972,7,3,51915050
日本社会党,1973,11,4,57855050
日本社会党,1974,11,4,76229450
日本社会党,1975,17,4,74696830
日本社会党,1976,11,4,73217830
日本社会党,1977,14,4,71732830
日本社会党,1978,10,4,67139230
日本社会党,1979,22,5,79115370
日本社会党,1980,17,5,74561910
日本社会党,1981,16,4,69593910
日本社会党,1982,13,4,60406710
日本社会党,1983,29,5,86436960
日本社会党,1984,17,5,88899960
日本社会党,1985,18,5,88899960
日本社会党,1986,17,5,88899960
日本社会党,1987,25,5,63285320
日本社会党,1988,12,5,45996260
日本社会党,1989,10,4,43503260
日本社会党,1990,10,4,48096860
日本社会党,1991,16,5,41839240
日本社会党,1992,7,5,38785240
日本社会党,1993,8,5,38785240
日本社会党,1994,7,5,38785240
日本社会党,1995,11,5,43883470
日本社会党,1996,8,5,43883470
日本社会党,1997,8,5,42398470
日本社会党,1998,7,4,37804870
日本社会党,1999,7,4,21415560
日本社会党,2000,4,2,27037560
日本社会党,2001,4,2,27037560
日本社会党,2002,4,2,27037560
日本社会党,2003,4,2,11139000
日本維新の会,2012,1,1,2360700
日本維新の会,2013,24,17,105236030
日本維新の会,2014,32,24,225978997
日本維新の会,2015,32,24,223927697
日本維新の会,2016,32,24,202310227
日本維新の会,2017,49,32,242326437
日本維新の会,2018,44,34,275908950
日本維新の会,2019,104,82,692527528
日本維新の会,2020,106,83,809060873
日本維新の会,2021,133,93,860787093
日本維新の会,2022,150,106,929311301
日本維新の会,2023,378,224,2121666041
日本維新の会,2024,341,232,2504078581
日本維新の会,2025,320,223,2441146681
日本維新の会,2026,306,212,2247508114
日本維新の会,2027,267,182,649945255
日本維新の会,2028,22,21,75695355
日本維新の党,2018,1,1,3006750
日本維新の党,2019,1,1,9348000
日本維新の党,2020,1,1,9348000
日本維新の党,2021,1,1,9348000
日本維新の党,2022,1,1,6341250
日本薬剤師協会,2024,1,1,6063250
日本薬剤師協会,2025,1,1,6063250
日本薬剤師協会,2026,1,1,6063250
日本薬剤師協会,2027,1,1,6063250
日野・生活者ネットワーク,2009,1,1,7303000
日野・生活者ネットワーク,2010,2,1,8938000
日野・生活者ネットワーク,2011,1,1,8938000
日野・生活者ネットワーク,2012,1,1,8938000
日野・生活者ネットワーク,2013,1,1,1635000
日野・生活者ネットワーク,2014,1,1,8393000
日野・生活者ネットワーク,2015,1,1,8938000
日野・生活者ネットワーク,2016,1,1,8938000
日野・生活者ネットワーク,2017,1,1,8938000
日野・生活者ネットワーク,2018,2,1,8938000
日野・生活者ネットワーク,2019,1,1,8938000
日野・生活者ネットワーク,2020,1,1,8938000
日野・生活者ネットワーク,2021,1,1,1635000
日野・生活者ネットワーク,2022,1,1,8393000
日野・生活者ネットワーク,2023,1,1,8938000
日野・生活者ネットワーク,2024,1,1,8938000
日野・生活者ネットワーク,2025,1,1,8938000
日野・生活者ネットワーク,2026,1,1,545000
昭島・生活者ネット,1999,1,1,7208000
昭島・生活者ネット,2000,1,1,8798000
昭島・生活者ネット,2001,1,1,8798000
昭島・生活者ネット,2002,1,1,8798000
昭島・生活者ネット,2003,2,1,8798000
昭島・生活者ネット,2004,1,1,8798000
昭島・生活者ネット,2005,1,1,8798000
昭島・生活者ネット,2006,1,1,8798000
昭島・生活者ネット,2007,1,1,1590000
昭島・生活者ネットワーク,2007,1,1,7208000
昭島・生活者ネットワーク,2008,1,1,5922750
昭島・生活者ネットワーク,2011,2,1,14416000
昭島・生活者ネットワーク,2012,2,1,17596000
昭島・生活者ネットワーク,2013,2,1,17596000
昭島・生活者ネットワーク,2014,2,1,17596000
昭島・生活者ネットワーク,2015,4,1,17596000
昭島・生活者ネットワーク,2016,2,1,11845500
昭島・生活者ネットワーク,2019,2,1,14416000
昭島・生活者ネットワーク,2020,2,1,11845500
昭島・生活者ネットワーク,2023,1,1,7208000
昭島・生活者ネットワーク,2024,1,1,8798000
昭島・生活者ネットワーク,2025,1,1,8798000
昭島・生活者ネットワーク,2026,1,1,8798000
昭島・生活者ネットワーク,2027,1,1,1590000
未来のカタチ,2021,1,1,968000
未来のカタチ,2022,1,1,2904000
未来のカタチ,2023,1,1,2420000
未来政治塾絆プロジェクト,2022,1,1,2428425
未来政治塾絆プロジェクト,2023,1,1,6346800
未来政治塾絆プロジェクト,2024,1,1,6346800
未来政治塾絆プロジェクト,2025,1,1,6346800
未来政治塾絆プロジェクト,2026,1,1,3918375
未来日本,2018,2,1,12654000
未来日本,2019,3,2,25412000
未来日本,2020,3,2,24126750
未来日本,2021,2,1,18204000
未来日本,2022,2,1,5550000
杉並・生活者ネットワーク,2003,3,1,22437792
杉並・生活者ネットワーク,2004,3,1,28280967
杉並・生活者ネットワーク,2005,3,1,28280967
杉並・生活者ネットワーク,2006,3,1,28280967
杉並・生活者ネットワーク,2007,5,1,20801703
杉並・生活者ネットワーク,2008,2,1,18853978
杉並・生活者ネットワーク,2009,2,1,18853978
杉並・生活者ネットワーク,2010,2,1,9528870
杉並・生活者ネットワーク,2011,3,1,22437792
杉並・生活者ネットワーク,2012,3,1,28280967
杉並・生活者ネットワーク,2013,3,1,28280967
杉並・生活者ネットワーク,2014,4,1,15719639
杉並・生活者ネットワーク,2015,3,1,16906253
杉並・生活者ネットワーク,2016,2,1,18853978
杉並・生活者ネットワーク,2017,2,1,18853978
杉並・生活者ネットワーク,2018,2,1,6292650
杉並・生活者ネットワーク,2019,2,1,14958528
杉並・生活者ネットワーク,2020,2,1,18853978
杉並・生活者ネットワーク,2021,2,1,18853978
杉並・生活者ネットワーク,2022,2,1,6292650
杉並・生活者ネットワーク,2023,2,1,14958528
杉並・生活者ネットワーク,2024,2,1,18853978
杉並・生活者ネットワーク,2025,2,1,18853978
杉並・生活者ネットワーク,2026,2,1,18853978
杉並・生活者ネットワーク,2027,2,1,3895450
東京・生活者ネットワーク,2003,1,1,6118880
東京・生活者ネットワーク,2004,1,1,7607380
東京・生活者ネットワーク,2005,1,1,7607380
東京・生活者ネットワーク,2006,1,1,7607380
東京・生活者ネットワーク,2007,1,1,1488500
東京・生活者ネットワーク,2022,1,1,1599840
東京・生活者ネットワーク,2023,1,1,1969500
東大和・生活者ネットワーク,1999,1,1,6118880
東大和・生活者ネットワーク,2000,1,1,7607380
東大和・生活者ネットワーク,2001,1,1,7607380
東大和・生活者ネットワーク,2002,1,1,7607380
東大和・生活者ネットワーク,2003,1,1,1488500
東大和・生活者ネットワーク,2007,1,1,6118880
東大和・生活者ネットワーク,2008,1,1,7607380
東大和・生活者ネットワーク,2009,1,1,7607380
東大和・生活者ネットワーク,2010,1,1,7607380
東大和・生活者ネットワーク,2011,2,1,7607380
東大和・生活者ネットワーク,2012,1,1,7607380
東大和・生活者ネットワーク,2013,1,1,7607380
東大和・生活者ネットワーク,2014,1,1,7607380
東大和・生活者ネットワーク,2015,2,1,7607380
東大和・生活者ネットワーク,2016,1,1,7607380
東大和・生活者ネットワーク,2017,1,1,7607380
東大和・生活者ネットワーク,2018,1,1,7607380
東大和・生活者ネットワーク,2019,2,1,7607380
東大和・生活者ネットワーク,2020,1,1,7607380
東大和・生活者ネットワーク,2021,1,1,7607380
東大和・生活者ネットワーク,2022,1,1,7607380
東大和・生活者ネットワーク,2023,2,1,7607380
東大和・生活者ネットワーク,2024,1,1,7607380
東大和・生活者ネットワーク,2025,1,1,7607380
東大和・生活者ネットワーク,2026,1,1,7607380
東大和・生活者ネットワーク,2027,1,1,1488500
東村山・生活者ネットワーク,1999,1,1,6377750
東村山・生活者ネットワーク,2000,1,1,7832750
東村山・生活者ネットワーク,2001,1,1,7832750
東村山・生活者ネットワーク,2002,1,1,7832750
東村山・生活者ネットワーク,2003,3,1,14210500
東村山・生活者ネットワーク,2004,2,1,15665500
東村山・生活者ネットワーク,2005,2,1,15665500
東村山・生活者ネットワーク,2006,2,1,15665500
東村山・生活者ネットワーク,2007,3,1,9287750
東村山・生活者ネットワーク,2008,1,1,7832750
東村山・生活者ネットワーク,2009,1,1,7832750
東村山・生活者ネットワーク,2010,1,1,7832750
東村山・生活者ネットワーク,2011,2,1,7832750
東村山・生活者ネットワーク,2012,1,1,7832750
東村山・生活者ネットワーク,2013,1,1,7832750
東村山・生活者ネットワーク,2014,1,1,7832750
東村山・生活者ネットワーク,2015,3,1,14210500
東村山・生活者ネットワーク,2016,2,1,15665500
東村山・生活者ネットワーク,2017,2,1,15665500
東村山・生活者ネットワーク,2018,2,1,15665500
東村山・生活者ネットワーク,2019,3,1,9287750
東村山・生活者ネットワーク,2020,1,1,7832750
東村山・生活者ネットワーク,2021,1,1,7832750
東村山・生活者ネットワーク,2022,1,1,7832750
東村山・生活者ネットワーク,2023,2,1,7832750
東村山・生活者ネットワーク,2024,1,1,7832750
東村山・生活者ネットワーク,2025,1,1,7832750
東村山・生活者ネットワーク,2026,1,1,7832750
東村山・生活者ネットワーク,2027,1,1,1455000
板橋・生活者ネットワーク,1999,1,1,7410000
板橋・生活者ネットワーク,2000,1,1,9390000
板橋・生活者ネットワーク,2001,1,1,9390000
板橋・生活者ネットワーク,2002,1,1,9390000
板橋・生活者ネットワーク,2003,2,1,9390000
板橋・生活者ネットワーク,2004,1,1,9390000
板橋・生活者ネットワーク,2005,1,1,9390000
板橋・生活者ネットワーク,2006,1,1,9390000
板橋・生活者ネットワーク,2007,2,1,9390000
板橋・生活者ネットワーク,2008,1,1,9390000
板橋・生活者ネットワーク,2009,1,1,9390000
板橋・生活者ネットワーク,2010,1,1,9390000
板橋・生活者ネットワーク,2011,2,1,9390000
板橋・生活者ネットワーク,2012,1,1,9390000
板橋・生活者ネットワーク,2013,1,1,9390000
板橋・生活者ネットワーク,2014,1,1,9390000
板橋・生活者ネットワーク,2015,2,1,9390000
板橋・生活者ネットワーク,2016,1,1,9390000
板橋・生活者ネットワーク,2017,1,1,9390000
板橋・生活者ネットワーク,2018,1,1,9390000
板橋・生活者ネットワーク,2019,1,1,1980000
次世代あらかわ,2023,1,1,7756800
次世代あらかわ,2024,1,1,7347750
次世代の党,2014,1,1,1676400
次世代の党,2015,9,9,62145434
次世代の党,2016,9,9,75260304
次世代の党,2017,9,9,67746304
次世代の党,2018,8,8,65029904
次世代の党,2019,7,7,11554870
武蔵野・生活者ネットワーク,1999,1,1,7480000
武蔵野・生活者ネットワーク,2000,1,1,9130000
武蔵野・生活者ネットワーク,2001,1,1,9130000
武蔵野・生活者ネットワーク,2002,1,1,9130000
武蔵野・生活者ネットワーク,2003,2,1,9130000
武蔵野・生活者ネットワーク,2004,1,1,9130000
武蔵野・生活者ネットワーク,2005,1,1,9130000
武蔵野・生活者ネットワーク,2006,1,1,9130000
武蔵野・生活者ネットワーク,2007,2,1,9130000
武蔵野・生活者ネットワーク,2008,1,1,9130000
武蔵野・生活者ネットワーク,2009,1,1,9130000
武蔵野・生活者ネットワーク,2010,1,1,9130000
武蔵野・生活者ネットワーク,2011,2,1,9130000
武蔵野・生活者ネットワーク,2012,1,1,9130000
武蔵野・生活者ネットワーク,2013,1,1,6146250
武蔵野・生活者ネットワーク,2015,1,1,7480000
武蔵野・生活者ネットワーク,2016,1,1,9130000
武蔵野・生活者ネットワーク,2017,1,1,9130000
武蔵野・生活者ネットワーク,2018,1,1,9130000
武蔵野・生活者ネットワーク,2019,2,1,9130000
武蔵野・生活者ネットワーク,2020,1,1,9130000
武蔵野・生活者ネットワーク,2021,1,1,6146250
武蔵野・生活者ネットワーク,2023,1,1,5596250
民主党,1997,8,1,18345600
民主党,1998,9,2,62957100
民主党,1999,182,76,1229339736
民主党,2000,193,84,1563323396
民主党,2001,210,93,1641907900
民主党,2002,213,96,1647455460
民主党,2003,505,164,2668757938
民主党,2004,377,164,2983269438
民主党,2005,410,179,3043649494
民主党,2006,442,211,3174390574
民主党,2007,935,335,4988057414
民主党,2008,765,354,5688164588
民主党,2009,874,405,5875495182
民主党,2010,868,419,5891873670
民主党,2011,1331,481,6431812374
民主党,2012,893,444,6326883534
民主党,2013,881,428,5849083942
民主党,2014,771,385,5077484038
民主党,2015,1045,388,4547899422
民主党,2016,590,339,4335363106
民主党,2017,585,330,4038157319
民主党,2018,521,302,3566212174
民主党,2019,427,249,1026713217
民主党,2020,48,38,256848891
民主党,2021,33,26,140290558
民主党,2022,7,5,15796000
民主党,2023,1,1,12792000
民主党,2024,1,1,8677500
民社,1967,1,1,6155280
民社,1968,1,1,7649280
民社,1969,1,1,7649280
民社,1970,1,1,7649280
民社,1971,2,1,7649280
民社,1972,1,1,7649280
民社,1973,1,1,7649280
民社,1974,1,1,7649280
民社,1975,2,1,7649280
民社,1976,1,1,7649280
民社,1977,1,1,7649280
民社,1978,1,1,7649280
民社,1979,2,1,7649280
民社,1980,1,1,7649280
民社,1981,1,1,7649280
民社,1982,1,1,7649280
民社,1983,2,1,7649280
民社,1984,1,1,7649280
民社,1985,1,1,7649280
民社,1986,1,1,7649280
民社,1987,2,1,7649280
民社,1988,1,1,7649280
民社,1989,1,1,7649280
民社,1990,1,1,7649280
民社,1991,2,1,7649280
民社,1992,1,1,7649280
民社,1993,1,1,7649280
民社,1994,1,1,7649280
民社,1995,1,1,7649280
民社,1996,1,1,7649280
民社,1997,1,1,7649280
民社,1998,1,1,7649280
民社,1999,1,1,7649280
民社,2000,1,1,7649280
民社,2001,1,1,7649280
民社,2002,1,1,7649280
民社,2003,1,1,1494000
民社党,1979,1,1,6630850
民社党,1980,1,1,8109850
民社党,1981,1,1,8109850
民社党,1982,1,1,8109850
民社党,1983,2,1,8109850
民社党,1984,1,1,8109850
民社党,1985,1,1,8109850
民社党,1986,1,1,8109850
民社党,1987,3,1,14740700
民社党,1988,2,1,16219700
民社党,1989,2,1,16219700
民社党,1990,2,1,16219700
民社党,1991,3,1,9588850
民社党,1992,1,1,8109850
民社党,1993,1,1,8109850
民社党,1994,1,1,8109850
民社党,1995,1,1,1479000
民進党,2016,9,6,28445875
民進党,2017,37,26,272880130
民進党,2018,43,31,331314190
民進党,2019,43,31,315439940
民進党,2020,35,27,200490865
民進党,2021,19,15,54679810
民進党,2022,6,5,8367000
江戸川・生活者ネットワーク,1999,2,1,14966100
江戸川・生活者ネットワーク,2000,2,1,19002600
江戸川・生活者ネットワーク,2001,2,1,19002600
江戸川・生活者ネットワーク,2002,2,1,19002600
江戸川・生活者ネットワーク,2003,4,1,19002600
江戸川・生活者ネットワーク,2004,2,1,19002600
江戸川・生活者ネットワーク,2005,2,1,19002600
江戸川・生活者ネットワーク,2006,2,1,19002600
江戸川・生活者ネットワーク,2007,4,1,19002600
江戸川・生活者ネットワーク,2008,2,1,19002600
江戸川・生活者ネットワーク,2009,2,1,19002600
江戸川・生活者ネットワーク,2010,2,1,19002600
江戸川・生活者ネットワーク,2011,3,1,11519550
江戸川・生活者ネットワーク,2012,1,1,9501300
江戸川・生活者ネットワーク,2013,1,1,9501300
江戸川・生活者ネットワーク,2014,1,1,9501300
江戸川・生活者ネットワーク,2015,3,1,16984350
江戸川・生活者ネットワーク,2016,2,1,19002600
江戸川・生活者ネットワーク,2017,2,1,19002600
江戸川・生活者ネットワーク,2018,2,1,19002600
江戸川・生活者ネットワーク,2019,4,1,19002600
江戸川・生活者ネットワーク,2020,2,1,19002600
江戸川・生活者ネットワーク,2021,2,1,19002600
江戸川・生活者ネットワーク,2022,2,1,19002600
江戸川・生活者ネットワーク,2023,4,1,19002600
江戸川・生活者ネットワーク,2024,2,1,19002600
江戸川・生活者ネットワーク,2025,2,1,19002600
江戸川・生活者ネットワーク,2026,2,1,19002600
江戸川・生活者ネットワーク,2027,2,1,4036500
江東・生活者ネットワーク,2003,1,1,7661600
江東・生活者ネットワーク,2004,1,1,9644100
江東・生活者ネットワーク,2005,1,1,9644100
江東・生活者ネットワーク,2006,1,1,9644100
江東・生活者ネットワーク,2007,2,1,9644100
江東・生活者ネットワーク,2008,1,1,9644100
江東・生活者ネットワーク,2009,1,1,9644100
江東・生活者ネットワーク,2010,1,1,9644100
江東・生活者ネットワーク,2011,2,1,9644100
江東・生活者ネットワーク,2012,1,1,9644100
江東・生活者ネットワーク,2013,1,1,9644100
江東・生活者ネットワーク,2014,1,1,9644100
江東・生活者ネットワーク,2015,2,1,9644100
江東・生活者ネットワーク,2016,1,1,9644100
江東・生活者ネットワーク,2017,1,1,9644100
江東・生活者ネットワーク,2018,1,1,9644100
江東・生活者ネットワーク,2019,2,1,9644100
江東・生活者ネットワーク,2020,1,1,9644100
江東・生活者ネットワーク,2021,1,1,9644100
江東・生活者ネットワーク,2022,1,1,9644100
江東・生活者ネットワーク,2023,1,1,1982500
池田の未来を考える会,2019,1,1,1704600
池田の未来を考える会,2020,1,1,2272800
池田の未来を考える会,2021,1,1,2272800
池田の未来を考える会,2022,1,1,2272800
池田の未来を考える会,2023,1,1,568200
沖縄社会大衆党,2001,3,1,13448700
沖縄社会大衆党,2002,3,1,26721600
沖縄社会大衆党,2003,3,1,26721600
沖縄社会大衆党,2004,5,1,24582700
沖縄社会大衆党,2005,4,1,17814400
沖縄社会大衆党,2006,2,1,17814400
沖縄社会大衆党,2007,2,1,17814400
沖縄社会大衆党,2008,2,1,13536600
沖縄社会大衆党,2009,3,3,15866320
沖縄社会大衆党,2010,4,3,21936620
沖縄社会大衆党,2011,3,3,21936620
沖縄社会大衆党,2012,3,3,21936620
沖縄社会大衆党,2013,6,3,21504220
沖縄社会大衆党,2014,5,4,24896220
沖縄社会大衆党,2015,3,3,18825220
沖縄社会大衆党,2016,3,3,18825220
沖縄社会大衆党,2017,5,4,21322900
沖縄社会大衆党,2018,6,3,29719500
沖縄社会大衆党,2019,4,3,29719500
沖縄社会大衆党,2020,4,3,29719500
沖縄社会大衆党,2021,6,3,29719500
沖縄社会大衆党,2022,5,4,18460000
沖縄社会大衆党,2023,1,1,5232600
沖縄社会大衆党,2024,1,1,5232600
沖縄社会大衆党,2025,1,1,5232600
沖縄社会大衆党,2026,1,1,3283200
河合ゆうすけと草加市の地域再生を実現する党,2022,1,1,2479250
河合ゆうすけと草加市の地域再生を実現する党,2023,1,1,7708000
河合ゆうすけと草加市の地域再生を実現する党,2024,1,1,7708000
河合ゆうすけと草加市の地域再生を実現する党,2025,1,1,7708000
河合ゆうすけと草加市の地域再生を実現する党,2026,1,1,5228750
清瀬・生活者ネットワーク,1999,1,1,6800000
清瀬・生活者ネットワーク,2000,1,1,8300000
清瀬・生活者ネットワーク,2001,1,1,8300000
清瀬・生活者ネットワーク,2002,1,1,8300000
清瀬・生活者ネットワーク,2003,2,1,8300000
清瀬・生活者ネットワーク,2004,1,1,8300000
清瀬・生活者ネットワーク,2005,1,1,8300000
清瀬・生活者ネットワーク,2006,1,1,8300000
清瀬・生活者ネットワーク,2007,2,1,8300000
清瀬・生活者ネットワーク,2008,1,1,8300000
清瀬・生活者ネットワーク,2009,1,1,8300000
清瀬・生活者ネットワーク,2010,1,1,8300000
清瀬・生活者ネットワーク,2011,2,1,8300000
清瀬・生活者ネットワーク,2012,1,1,8300000
清瀬・生活者ネットワーク,2013,1,1,8300000
清瀬・生活者ネットワーク,2014,1,1,8300000
清瀬・生活者ネットワーク,2015,2,1,8300000
清瀬・生活者ネットワーク,2016,1,1,8300000
清瀬・生活者ネットワーク,2017,1,1,8300000
清瀬・生活者ネットワーク,2018,1,1,8300000
清瀬・生活者ネットワーク,2019,2,1,8300000
清瀬・生活者ネットワーク,2020,1,1,8300000
清瀬・生活者ネットワーク,2021,1,1,8300000
清瀬・生活者ネットワーク,2022,1,1,1500000
清瀬・生活者ネットワーク,2023,1,1,6800000
清瀬・生活者ネットワーク,2024,1,1,8300000
清瀬・生活者ネットワーク,2025,1,1,8300000
清瀬・生活者ネットワーク,2026,1,1,8300000
清瀬・生活者ネットワーク,2027,1,1,1500000
渋谷オンブズマン,2011,1,1,7638750
渋谷オンブズマン,2012,1,1,9747045
渋谷オンブズマン,2013,1,1,9747045
渋谷オンブズマン,2014,1,1,9747045
渋谷オンブズマン,2015,2,1,9747045
渋谷オンブズマン,2016,1,1,9747045
渋谷オンブズマン,2017,1,1,9747045
渋谷オンブズマン,2018,1,1,9747045
渋谷オンブズマン,2019,2,1,9747045
渋谷オンブズマン,2020,1,1,9747045
渋谷オンブズマン,2021,1,1,9747045
渋谷オンブズマン,2022,1,1,9747045
渋谷オンブズマン,2023,2,1,9747045
渋谷オンブズマン,2024,1,1,9747045
渋谷オンブズマン,2025,1,1,9747045
渋谷オンブズマン,2026,1,1,9747045
渋谷オンブズマン,2027,1,1,2108295
減税尾張旭,2011,1,1,5231750
減税尾張旭,2012,1,1,6506750
減税尾張旭,2013,1,1,6506750
減税尾張旭,2014,1,1,6506750
減税尾張旭,2015,1,1,1275000
減税日本,2006,2,1,9192400
減税日本,2007,2,1,11250400
減税日本,2008,2,1,11250400
減税日本,2009,2,1,2058000
減税日本,2011,5,5,29433210
減税日本,2012,5,5,36804510
減税日本,2013,5,5,36804510
減税日本,2014,5,5,36804510
減税日本,2015,6,6,9601275
減税日本,2016,1,1,12706650
減税日本,2017,1,1,12706650
減税日本,2018,1,1,12706650
減税日本,2019,3,3,21351450
減税日本,2020,3,3,25891450
減税日本,2021,3,3,16550800
減税日本,2022,2,2,11054800
減税日本,2023,1,1,1290000
減税瀬戸,2011,1,1,5574360
減税瀬戸,2012,1,1,6927360
減税瀬戸,2013,1,1,6927360
減税瀬戸,2014,1,1,6927360
減税瀬戸,2015,1,1,1353000
無党派党,2023,1,1,6601300
無党派党,2024,1,1,8107300
無党派党,2025,1,1,8107300
無党派党,2026,1,1,8107300
無党派党,2027,1,1,1506000
無党派市民,2007,1,1,7727500
無党派市民,2008,1,1,9736650
無党派市民,2009,1,1,9736650
無党派市民,2010,1,1,9736650
無党派市民,2011,2,1,9736650
無党派市民,2012,1,1,9736650
無党派市民,2013,1,1,9736650
無党派市民,2014,1,1,9736650
無党派市民,2015,1,1,2009150
無所属,1947,66,2,423369000
無所属,1948,66,2,521433000
無所属,1949,66,2,521433000
無所属,1950,66,2,521433000
無所属,1951,84,2,402077700
無所属,1952,48,2,375455700
無所属,1953,48,2,375455700
無所属,1954,48,2,375455700
無所属,1955,111,3,629397970
無所属,1956,93,3,653061970
無所属,1957,93,3,653061970
無所属,1958,93,3,653061970
無所属,1959,121,3,616342110
無所属,1960,87,3,610426110
無所属,1961,87,3,610426110
無所属,1962,87,3,610426110
無所属,1963,118,3,615524340
無所属,1964,88,3,615524340
無所属,1965,88,3,545605140
無所属,1966,58,2,386045940
無所属,1967,89,3,395847940
無所属,1968,59,3,401808940
無所属,1969,59,3,401808940
無所属,1970,59,3,401808940
無所属,1971,84,3,340598670
無所属,1972,50,3,325808670
無所属,1973,66,4,349568670
無所属,1974,66,4,423066270
無所属,1975,97,4,469218470
無所属,1976,73,4,482634470
無所属,1977,90,4,484119470
無所属,1978,74,4,488713070
無所属,1979,118,5,502884500
無所属,1980,86,5,413363210
無所属,1981,79,5,390386210
無所属,1982,62,5,390386210
無所属,1983,121,5,455567420
無所属,1984,77,5,447173420
無所属,1985,94,5,447173420
無所属,1986,77,5,447173420
無所属,1987,119,5,464106640
無所属,1988,85,5,327744010
無所属,1989,66,5,304785010
無所属,1990,62,5,378282610
無所属,1991,131,5,521280030
無所属,1992,90,5,531264030
無所属,1993,131,6,548484030
無所属,1994,111,6,600421230
無所属,1995,214,8,797965800
無所属,1996,158,9,898337800
無所属,1997,196,10,939197200
無所属,1998,430,28,1456185470
無所属,1999,4163,255,17198344498
無所属,2000,4544,286,23616306716
無所属,2001,5020,323,25561697691
無所属,2002,5412,341,26460221180
無所属,2003,12282,592,41692904944
無所属,2004,9575,608,46176439372
無所属,2005,11377,713,50060957120
無所属,2006,14219,950,60415050858
無所属,2007,24384,1399,81174345339
無所属,2008,20791,1514,90746024173
無所属,2009,24012,1641,93675960766
無所属,2010,24073,1678,94840948250
無所属,2011,31786,1705,100592298646
無所属,2012,23950,1707,100047044706
無所属,2013,25458,1708,95478347020
無所属,2014,23833,1705,90758771262
無所属,2015,30263,1714,95376309387
無所属,2016,22342,1714,96010969837
無所属,2017,23335,1714,92751443576
無所属,2018,22853,1715,88410014011
無所属,2019,28802,1715,87279505852
無所属,2020,20733,1715,86531084970
無所属,2021,22457,1710,85752939750
無所属,2022,22133,1703,84205022000
無所属,2023,28070,1717,86851658003
無所属,2024,21206,1711,86282127223
無所属,2025,18234,1687,75716996624
無所属,2026,14934,1427,59877877856
無所属,2027,11545,1155,21876291939
無所属,2028,2083,252,3615482127
燃える市民党,2013,1,1,1627500
燃える市民党,2014,1,1,5302500
燃える市民党,2015,1,1,5302500
燃える市民党,2016,1,1,5302500
燃える市民党,2017,1,1,3675000
狛江・生活者ネットワーク,1999,2,1,12462000
狛江・生活者ネットワーク,2000,2,1,15252000
狛江・生活者ネットワーク,2001,2,1,15252000
狛江・生活者ネットワーク,2002,2,1,15252000
狛江・生活者ネットワーク,2003,4,1,15252000
狛江・生活者ネットワーク,2004,2,1,15252000
狛江・生活者ネットワーク,2005,2,1,15252000
狛江・生活者ネットワーク,2006,2,1,15252000
狛江・生活者ネットワーク,2007,3,1,9021000
狛江・生活者ネットワーク,2008,1,1,2325000
狛江・生活者ネットワーク,2011,1,1,6231000
狛江・生活者ネットワーク,2012,1,1,2325000
狛江・生活者ネットワーク,2015,2,1,12462000
狛江・生活者ネットワーク,2016,2,1,15252000
狛江・生活者ネットワーク,2017,2,1,15252000
狛江・生活者ネットワーク,2018,2,1,15252000
狛江・生活者ネットワーク,2019,3,1,9021000
狛江・生活者ネットワーク,2020,1,1,7626000
狛江・生活者ネットワーク,2021,1,1,7626000
狛江・生活者ネットワーク,2022,1,1,2325000
狛江・生活者ネットワーク,2023,1,1,6231000
狛江・生活者ネットワーク,2024,1,1,7626000
狛江・生活者ネットワーク,2025,1,1,7626000
狛江・生活者ネットワーク,2026,1,1,7626000
狛江・生活者ネットワーク,2027,1,1,1395000
環境と行政を考える会,2006,1,1,1155000
環境と行政を考える会,2007,1,1,5740000
環境と行政を考える会,2008,1,1,5740000
環境と行政を考える会,2009,1,1,5740000
環境と行政を考える会,2010,1,1,1050000
生活者ネットワーク,2003,1,1,6007500
生活者ネットワーク,2004,1,1,7342500
生活者ネットワーク,2005,1,1,7342500
生活者ネットワーク,2006,1,1,7342500
生活者ネットワーク,2007,2,2,9050974
生活者ネットワーク,2008,1,1,9809694
生活者ネットワーク,2009,1,1,9809694
生活者ネットワーク,2010,1,1,9809694
生活者ネットワーク,2011,1,1,2093720
町政刷新かがみいし,2022,1,1,1807200
町政刷新かがみいし,2023,1,1,1581300
町田・生活者ネット,2006,1,1,8745000
町田・生活者ネット,2007,1,1,9295000
町田・生活者ネット,2008,1,1,9295000
町田・生活者ネット,2009,1,1,9295000
町田・生活者ネット,2010,2,1,9295000
町田・生活者ネット,2011,1,1,9295000
町田・生活者ネット,2012,1,1,9295000
町田・生活者ネット,2013,1,1,9295000
町田・生活者ネット,2014,3,1,18040000
町田・生活者ネット,2015,2,1,18590000
町田・生活者ネット,2016,2,1,18590000
町田・生活者ネット,2017,2,1,18590000
町田・生活者ネット,2018,3,1,9845000
町田・生活者ネット,2019,1,1,9295000
町田・生活者ネット,2020,1,1,9295000
町田・生活者ネット,2021,1,1,9295000
町田・生活者ネット,2022,1,1,550000
町田・生活者ネットワーク,2002,2,1,17490000
町田・生活者ネットワーク,2003,2,1,18590000
町田・生活者ネットワーク,2004,2,1,18590000
町田・生活者ネットワーク,2005,2,1,18590000
町田・生活者ネットワーク,2006,2,1,1100000
町田・生活者ネットワーク,2022,1,1,8745000
町田・生活者ネットワーク,2023,1,1,9295000
町田・生活者ネットワーク,2024,1,1,9295000
町田・生活者ネットワーク,2025,1,1,9295000
町田・生活者ネットワーク,2026,1,1,550000
目黒・生活者ネットワーク,1999,1,1,7277850
目黒・生活者ネットワーク,2000,1,1,9224600
目黒・生活者ネットワーク,2001,1,1,9224600
目黒・生活者ネットワーク,2002,1,1,6469200
目黒・生活者ネットワーク,2003,1,1,7277850
目黒・生活者ネットワーク,2004,1,1,9224600
目黒・生活者ネットワーク,2005,1,1,9224600
目黒・生活者ネットワーク,2006,1,1,9224600
目黒・生活者ネットワーク,2007,2,1,9224600
目黒・生活者ネットワーク,2008,1,1,9224600
目黒・生活者ネットワーク,2009,1,1,9224600
目黒・生活者ネットワーク,2010,1,1,9224600
目黒・生活者ネットワーク,2011,2,1,9224600
目黒・生活者ネットワーク,2012,1,1,9224600
目黒・生活者ネットワーク,2013,1,1,9224600
目黒・生活者ネットワーク,2014,1,1,9224600
目黒・生活者ネットワーク,2015,2,1,9224600
目黒・生活者ネットワーク,2016,1,1,9224600
目黒・生活者ネットワーク,2017,1,1,9224600
目黒・生活者ネットワーク,2018,1,1,9224600
目黒・生活者ネットワーク,2019,1,1,1946750
目黒・生活者ネットワーク,2023,1,1,7277850
目黒・生活者ネットワーク,2024,1,1,1946750
社会民主,2007,1,1,7503000
社会民主,2008,1,1,9471000
社会民主,2009,1,1,9471000
社会民主,2010,1,1,9471000
社会民主,2011,1,1,1968000
社会民主党,1998,4,4,9403900
社会民主党,1999,128,85,744219696
社会民主党,2000,141,92,1019423376
社会民主党,2001,165,102,1151079096
社会民主党,2002,164,103,1157309046
社会民主党,2003,329,163,1448346858
社会民主党,2004,225,146,1498743182
社会民主党,2005,232,148,1479913758
社会民主党,2006,264,176,1527980872
社会民主党,2007,423,237,1954748783
社会民主党,2008,324,229,2141629354
社会民主党,2009,369,250,2155207803
社会民主党,2010,368,241,2014636477
社会民主党,2011,443,255,1866974256
社会民主党,2012,299,216,1825707596
社会民主党,2013,327,212,1791439701
社会民主党,2014,302,197,1626169222
社会民主党,2015,357,205,1599179668
社会民主党,2016,251,182,1584676878
社会民主党,2017,275,180,1524311022
社会民主党,2018,258,177,1426028040
社会民主党,2019,292,171,1303559996
社会民主党,2020,199,150,1220234250
社会民主党,2021,188,144,1000359164
社会民主党,2022,145,110,767525586
社会民主党,2023,149,98,539057536
社会民主党,2024,80,69,478302676
社会民主党,2025,68,62,433348030
社会民主党,2026,61,56,387386702
社会民主党,2027,50,47,130777635
社会民主党,2028,8,7,25661580
社会民主党沖縄県連合,2022,1,1,2292000
社会民主党沖縄県連合,2023,1,1,6124000
社会民主党沖縄県連合,2024,1,1,6124000
社会民主党沖縄県連合,2025,1,1,6124000
社会民主党沖縄県連合,2026,1,1,3832000
社会民主党（沖縄県連合）,2018,1,1,2220000
社会民主党（沖縄県連合）,2019,1,1,5980000
社会民主党（沖縄県連合）,2020,1,1,5980000
社会民主党（沖縄県連合）,2021,1,1,5980000
社会民主党（沖縄県連合）,2022,1,1,3760000
社民主,2006,1,1,4575038
社民党,2019,4,2,18301000
社民党,2020,4,2,35125000
社民党,2021,4,2,35125000
社民党,2022,3,1,27558000
社民党,2023,3,1,15444000
神奈川ネット,2006,1,1,4575038
神奈川ネット,2010,1,1,5813677
神奈川ネット,2011,1,1,6647777
神奈川ネット,2012,1,1,6647777
神奈川ネット,2013,1,1,6647777
神奈川ネット,2014,1,1,834100
神奈川ネットワーク運動,1995,2,1,7412800
神奈川ネットワーク運動,1996,2,1,14644800
神奈川ネットワーク運動,1997,2,1,14644800
神奈川ネットワーク運動,1998,2,1,14644800
神奈川ネットワーク運動,1999,14,6,71606800
神奈川ネットワーク運動,2000,13,7,92733125
神奈川ネットワーク運動,2001,17,8,122670850
神奈川ネットワーク運動,2002,18,9,129657488
神奈川ネットワーク運動,2003,35,13,164486138
神奈川ネットワーク運動,2004,23,12,171801650
神奈川ネットワーク運動,2005,26,12,171801650
神奈川ネットワーク運動,2006,22,12,171801650
神奈川ネットワーク運動,2007,37,13,158765900
神奈川ネットワーク運動,2008,22,12,145424475
神奈川ネットワーク運動,2009,25,12,153170800
神奈川ネットワーク運動,2010,22,13,154104800
神奈川ネットワーク運動,2011,31,14,126838350
神奈川ネットワーク運動,2012,18,11,112201725
神奈川ネットワーク運動,2013,17,10,94981900
神奈川ネットワーク運動,2014,15,11,97921577
神奈川ネットワーク運動,2015,21,13,92863527
神奈川ネットワーク運動,2016,14,10,88959202
神奈川ネットワーク運動,2017,14,10,84695877
神奈川ネットワーク運動,2018,14,10,84695877
神奈川ネットワーク運動,2019,19,11,88026927
神奈川ネットワーク運動,2020,13,9,86117927
神奈川ネットワーク運動,2021,13,9,79699327
神奈川ネットワーク運動,2022,11,9,71882650
神奈川ネットワーク運動,2023,12,7,47284400
神奈川ネットワーク運動,2024,6,4,37718650
神奈川ネットワーク運動,2025,5,4,31300050
神奈川ネットワーク運動,2026,4,3,29863050
神奈川ネットワーク運動,2027,4,3,11179650
神奈川ネットワーク運動,2028,1,1,4263325
福山維新の会,2020,1,1,8382000
福山維新の会,2021,1,1,10445750
福山維新の会,2022,1,1,10445750
福山維新の会,2023,1,1,10445750
福山維新の会,2024,2,1,10445750
福山維新の会,2025,1,1,10445750
福山維新の会,2026,1,1,10445750
福山維新の会,2027,1,1,10445750
福山維新の会,2028,1,1,2063750
福生・生活者ネットワーク,2003,1,1,6083670
福生・生活者ネットワーク,2004,1,1,7424670
福生・生活者ネットワーク,2005,1,1,7424670
福生・生活者ネットワーク,2006,1,1,7424670
福生・生活者ネットワーク,2007,2,1,7424670
福生・生活者ネットワーク,2008,1,1,1788000
福生・生活者ネットワーク,2011,1,1,6083670
福生・生活者ネットワーク,2012,1,1,7424670
福生・生活者ネットワーク,2013,1,1,7424670
福生・生活者ネットワーク,2014,1,1,7424670
福生・生活者ネットワーク,2015,2,1,7424670
福生・生活者ネットワーク,2016,1,1,7424670
福生・生活者ネットワーク,2017,1,1,7424670
福生・生活者ネットワーク,2018,1,1,7424670
福生・生活者ネットワーク,2019,2,1,7424670
福生・生活者ネットワーク,2020,1,1,7424670
福生・生活者ネットワーク,2021,1,1,7424670
福生・生活者ネットワーク,2022,1,1,7424670
福生・生活者ネットワーク,2023,2,1,7424670
福生・生活者ネットワーク,2024,1,1,7424670
福生・生活者ネットワーク,2025,1,1,7424670
福生・生活者ネットワーク,2026,1,1,7424670
福生・生活者ネットワーク,2027,1,1,1341000
福祉かつしかネットワーク,2001,1,1,2313840
福祉かつしかネットワーク,2002,1,1,9728080
福祉かつしかネットワーク,2003,1,1,9728080
福祉かつしかネットワーク,2004,1,1,9728080
福祉かつしかネットワーク,2005,2,1,9728080
福祉かつしかネットワーク,2006,1,1,9728080
福祉かつしかネットワーク,2007,1,1,9728080
福祉かつしかネットワーク,2008,1,1,9728080
福祉かつしかネットワーク,2009,2,1,9728080
福祉かつしかネットワーク,2010,1,1,9728080
福祉かつしかネットワーク,2011,1,1,9728080
福祉かつしかネットワーク,2012,1,1,9728080
福祉かつしかネットワーク,2013,1,1,7414240
税金のムダづかいをなくす党,2019,1,1,4391100
税金のムダづかいをなくす党,2020,1,1,5462100
税金のムダづかいをなくす党,2021,1,1,5462100
税金のムダづかいをなくす党,2022,1,1,5462100
税金のムダづかいをなくす党,2023,1,1,1071000
稲城・生活者ネットワーク,2007,1,1,6007500
稲城・生活者ネットワーク,2008,1,1,7342500
稲城・生活者ネットワーク,2009,1,1,7342500
稲城・生活者ネットワーク,2010,1,1,7342500
稲城・生活者ネットワーク,2011,2,1,7342500
稲城・生活者ネットワーク,2012,1,1,7342500
稲城・生活者ネットワーク,2013,1,1,7342500
稲城・生活者ネットワーク,2014,1,1,7342500
稲城・生活者ネットワーク,2015,2,1,7342500
稲城・生活者ネットワーク,2016,1,1,7342500
稲城・生活者ネットワーク,2017,1,1,7342500
稲城・生活者ネットワーク,2018,1,1,7342500
稲城・生活者ネットワーク,2019,2,1,7342500
稲城・生活者ネットワーク,2020,1,1,7342500
稲城・生活者ネットワーク,2021,1,1,7342500
稲城・生活者ネットワーク,2022,1,1,7342500
稲城・生活者ネットワーク,2023,2,1,7342500
稲城・生活者ネットワーク,2024,1,1,7342500
稲城・生活者ネットワーク,2025,1,1,7342500
稲城・生活者ネットワーク,2026,1,1,7342500
稲城・生活者ネットワーク,2027,1,1,1335000
立川・生活者ネットワーク,2006,1,1,6327000
立川・生活者ネットワーク,2007,1,1,5661000
立川・生活者ネットワーク,2010,1,1,6327000
立川・生活者ネットワーク,2011,1,1,9102000
立川・生活者ネットワーク,2012,1,1,9102000
立川・生活者ネットワーク,2013,1,1,9102000
立川・生活者ネットワーク,2014,3,1,15429000
立川・生活者ネットワーク,2015,2,1,10212000
立川・生活者ネットワーク,2022,1,1,6327000
立川・生活者ネットワーク,2023,1,1,9102000
立川・生活者ネットワーク,2024,1,1,9102000
立川・生活者ネットワーク,2025,1,1,9102000
立川・生活者ネットワーク,2026,1,1,2775000
立憲民主党,2018,28,24,99761506
立憲民主党,2019,354,204,2193041156
立憲民主党,2020,374,222,2864561642
立憲民主党,2021,436,263,3013456450
立憲民主党,2022,483,279,2997297480
立憲民主党,2023,823,353,3910164155
立憲民主党,2024,595,335,4171211613
立憲民主党,2025,543,314,3950851594
立憲民主党,2026,501,283,3532970923
立憲民主党,2027,434,242,948564313
立憲民主党,2028,32,29,78364715
純粋無所属全国ネット,2003,1,1,7277850
純粋無所属全国ネット,2004,1,1,9224600
純粋無所属全国ネット,2005,1,1,9224600
純粋無所属全国ネット,2006,1,1,9224600
純粋無所属全国ネット,2007,1,1,1946750
結いの党,2014,1,1,8745000
結いの党,2015,1,1,9295000
結いの党,2016,1,1,9295000
結いの党,2017,1,1,9295000
結いの党,2018,1,1,550000
維新の会東大阪,2011,1,1,3517500
維新の会東大阪,2012,1,1,11130000
維新の会東大阪,2013,1,1,11130000
維新の会東大阪,2014,1,1,11130000
維新の会東大阪,2015,1,1,6912500
維新の党,2014,4,3,7558150
維新の党,2015,83,64,570508573
維新の党,2016,83,64,715560398
維新の党,2017,82,63,710649773
維新の党,2018,82,63,641832573
維新の党,2019,68,53,126366175
維新政党・新風,2017,1,1,2313840
維新政党・新風,2018,1,1,9728080
維新政党・新風,2019,1,1,9728080
維新政党・新風,2020,1,1,9728080
維新政党・新風,2021,1,1,7414240
緑の党,1999,1,1,8578094
緑の党,2000,1,1,9809694
緑の党,2001,1,1,9809694
緑の党,2002,1,1,9809694
緑の党,2003,3,2,17219694
緑の党,2004,2,2,19199694
緑の党,2005,2,2,19199694
緑の党,2006,2,2,19199694
緑の党,2007,3,2,11789694
緑の党,2008,1,1,9809694
緑の党,2009,1,1,9809694
緑の党,2010,1,1,9809694
緑の党,2011,2,1,9809694
緑の党,2012,1,1,9809694
緑の党,2013,1,1,9809694
緑の党,2014,1,1,9809694
緑の党,2015,2,1,9809694
緑の党,2016,1,1,9809694
緑の党,2017,1,1,9809694
緑の党,2018,1,1,9809694
緑の党,2019,2,1,9809694
緑の党,2020,1,1,9809694
緑の党,2021,1,1,9809694
緑の党,2022,1,1,9809694
緑の党,2023,1,1,2093720
緑の党グリーンズジャパン,2014,1,1,3288600
緑の党グリーンズジャパン,2015,4,4,29221300
緑の党グリーンズジャパン,2016,4,4,34113800
緑の党グリーンズジャパン,2017,4,4,27046300
緑の党グリーンズジャパン,2018,4,3,25396300
緑の党グリーンズジャパン,2019,6,4,32463800
緑の党グリーンズジャパン,2020,4,4,27119000
緑の党グリーンズジャパン,2021,3,3,18485500
緑の党グリーンズジャパン,2022,2,2,16835500
緑の党グリーンズジャパン,2023,3,3,10721764
緑の党グリーンズジャパン,2024,1,1,9426989
緑の党グリーンズジャパン,2025,1,1,9426989
緑の党グリーンズジャパン,2026,1,1,9426989
緑の党グリーンズジャパン,2027,1,1,1947725
練馬・生活者ネットワーク,2007,3,1,22509000
練馬・生活者ネットワーク,2008,3,1,28413000
練馬・生活者ネットワーク,2009,3,1,28413000
練馬・生活者ネットワーク,2010,3,1,28413000
練馬・生活者ネットワーク,2011,6,1,28413000
練馬・生活者ネットワーク,2012,3,1,28413000
練馬・生活者ネットワーク,2013,3,1,28413000
練馬・生活者ネットワーク,2014,4,1,13407000
練馬・生活者ネットワーク,2015,4,1,24477000
練馬・生活者ネットワーク,2016,3,1,28413000
練馬・生活者ネットワーク,2017,3,1,28413000
練馬・生活者ネットワーク,2018,3,1,5904000
練馬・生活者ネットワーク,2019,2,1,15006000
練馬・生活者ネットワーク,2020,2,1,18942000
練馬・生活者ネットワーク,2021,2,1,18942000
練馬・生活者ネットワーク,2022,2,1,3936000
練馬・生活者ネットワーク,2023,2,1,15006000
練馬・生活者ネットワーク,2024,2,1,18942000
練馬・生活者ネットワーク,2025,2,1,18942000
練馬・生活者ネットワーク,2026,2,1,18942000
練馬・生活者ネットワーク,2027,2,1,3936000
育児支援と防災緑地と平らな歩道の中野,2019,1,1,7333050
育児支援と防災緑地と平らな歩道の中野,2020,1,1,9247300
育児支援と防災緑地と平らな歩道の中野,2021,1,1,9247300
育児支援と防災緑地と平らな歩道の中野,2022,1,1,2503250
育児支援と防災緑地と平らな歩道の中野を創る会,2023,1,1,7333050
育児支援と防災緑地と平らな歩道の中野を創る会,2024,1,1,9247300
育児支援と防災緑地と平らな歩道の中野を創る会,2025,1,1,9247300
育児支援と防災緑地と平らな歩道の中野を創る会,2026,1,1,9247300
育児支援と防災緑地と平らな歩道の中野を創る会,2027,1,1,1914250
自由党,1951,17,1,112724450
自由党,1952,17,1,137867450
自由党,1953,17,1,137867450
自由党,1954,17,1,137867450
自由党,1955,17,1,25143000
自由党,1999,9,6,69818224
自由党,2000,9,6,86250274
自由党,2001,10,7,88564114
自由党,2002,10,7,95978354
自由党,2003,28,19,160490228
自由党,2004,19,18,176429238
自由党,2005,19,18,171112148
自由党,2006,17,16,157144818
自由党,2007,17,15,55852494
自由党,2008,3,3,32109534
自由党,2009,3,3,27215034
自由党,2010,2,2,19317534
自由党,2011,2,2,3950720
自由党,2017,1,1,9204760
自由党,2018,1,1,9845760
自由党,2019,1,1,9845760
自由党,2020,1,1,9845760
自由党,2021,1,1,641000
自由民主党,1959,3,1,19892550
自由民主党,1960,3,1,24329550
自由民主党,1961,3,1,24329550
自由民主党,1962,3,1,24329550
自由民主党,1963,5,1,17698700
自由民主党,1964,2,1,16219700
自由民主党,1965,3,2,18550340
自由民主党,1966,3,2,23868980
自由民主党,1967,31,2,178226550
自由民主党,1968,28,2,215561550
自由民主党,1969,28,2,215561550
自由民主党,1970,28,2,215561550
自由民主党,1971,64,2,269083920
自由民主党,1972,36,2,280900920
自由民主党,1973,38,3,283870920
自由民主党,1974,38,3,293058120
自由民主党,1975,64,3,230554180
自由民主党,1976,28,3,215644180
自由民主党,1977,29,3,214159180
自由民主党,1978,27,3,209565580
自由民主党,1979,50,3,187295180
自由民主党,1980,24,3,182933180
自由民主党,1981,29,3,188873180
自由民主党,1982,28,3,207247580
自由民主党,1983,58,3,252236820
自由民主党,1984,35,3,262634820
自由民主党,1985,40,3,262634820
自由民主党,1986,35,3,262634820
自由民主党,1987,57,3,211965870
自由民主党,1988,27,3,179565870
自由民主党,1989,24,3,172635870
自由民主党,1990,24,3,181823070
自由民主党,1991,42,3,157201950
自由民主党,1992,20,3,151225950
自由民主党,1993,20,3,148255950
自由民主党,1994,18,2,139068750
自由民主党,1995,20,2,132437900
自由民主党,1996,17,2,130958900
自由民主党,1997,20,3,137838500
自由民主党,1998,35,9,178743150
自由民主党,1999,616,91,4209801478
自由民主党,2000,655,98,5500967258
自由民主党,2001,756,110,5818887672
自由民主党,2002,775,116,5968553594
自由民主党,2003,1516,176,7832255502
自由民主党,2004,1068,177,8500626632
自由民主党,2005,1136,193,8361423852
自由民主党,2006,1149,218,8171246414
自由民主党,2007,1901,297,10263714458
自由民主党,2008,1410,286,10955261288
自由民主党,2009,1516,293,10533348330
自由民主党,2010,1410,287,9937768478
自由民主党,2011,2098,330,10477009496
自由民主党,2012,1397,324,10579080902
自由民主党,2013,1586,326,10903924054
自由民主党,2014,1561,337,10599597974
自由民主党,2015,2382,390,12413723168
自由民主党,2016,1696,378,12876032458
自由民主党,2017,1817,379,12660191776
自由民主党,2018,1772,384,12036745788
自由民主党,2019,2643,413,12829004586
自由民主党,2020,1769,394,13092939744
自由民主党,2021,1913,401,12377375550
自由民主党,2022,1819,403,11552071410
自由民主党,2023,2601,437,12694326534
自由民主党,2024,1806,422,12971512148
自由民主党,2025,1608,394,11579114786
自由民主党,2026,1369,340,10052307930
自由民主党,2027,1163,272,2646373900
自由民主党,2028,78,34,270261260
良識の風,2011,1,1,3788860
良識の風,2012,1,1,7480320
良識の風,2013,1,1,7480320
良識の風,2014,1,1,7480320
良識の風,2015,1,1,3691460
草の根運動いが,2024,3,1,4695300
草の根運動いが,2025,3,1,19415700
草の根運動いが,2026,3,1,19415700
草の根運動いが,2027,3,1,19415700
草の根運動いが,2028,3,1,14720400
葛飾に維新を起こす会,2021,1,1,2313840
葛飾に維新を起こす会,2022,1,1,9728080
葛飾に維新を起こす会,2023,1,1,9728080
葛飾に維新を起こす会,2024,1,1,9728080
葛飾に維新を起こす会,2025,1,1,7414240
葛飾・生活者ネットワーク,2021,1,1,2313840
葛飾・生活者ネットワーク,2022,1,1,9728080
葛飾・生活者ネットワーク,2023,1,1,9728080
葛飾・生活者ネットワーク,2024,1,1,9728080
葛飾・生活者ネットワーク,2025,1,1,7414240
蒼翠会,2015,1,1,7218240
蒼翠会,2016,1,1,8970240
蒼翠会,2017,1,1,8970240
蒼翠会,2018,1,1,8970240
蒼翠会,2019,1,1,1752000
薩摩黒潮会,2023,1,1,3385250
薩摩黒潮会,2024,1,1,4210250
薩摩黒潮会,2025,1,1,4210250
薩摩黒潮会,2026,1,1,4210250
薩摩黒潮会,2027,1,1,825000
西予維新の会,2012,6,1,23953680
西予維新の会,2013,6,1,29767680
西予維新の会,2014,6,1,29767680
西予維新の会,2015,6,1,29767680
西予維新の会,2016,7,1,9806280
西予維新の会,2017,1,1,4961280
西予維新の会,2018,1,1,4961280
西予維新の会,2019,1,1,4961280
西予維新の会,2020,1,1,969000
西和賀の未来を自分たちでつくる会,2023,1,1,1719000
西和賀の未来を自分たちでつくる会,2024,1,1,2292000
西和賀の未来を自分たちでつくる会,2025,1,1,2292000
西和賀の未来を自分たちでつくる会,2026,1,1,2292000
西和賀の未来を自分たちでつくる会,2027,1,1,573000
西東京・生活者ネットワーク,2006,3,1,5029200
西東京・生活者ネットワーク,2007,3,1,25660800
西東京・生活者ネットワーク,2008,3,1,25660800
西東京・生活者ネットワーク,2009,3,1,25660800
西東京・生活者ネットワーク,2010,5,1,23984400
西東京・生活者ネットワーク,2011,2,1,17107200
西東京・生活者ネットワーク,2012,2,1,17107200
西東京・生活者ネットワーク,2013,2,1,1056000
西東京・生活者ネットワーク,2014,2,1,3352800
西東京・生活者ネットワーク,2015,2,1,17107200
西東京・生活者ネットワーク,2016,2,1,17107200
西東京・生活者ネットワーク,2017,2,1,17107200
西東京・生活者ネットワーク,2018,4,1,17107200
西東京・生活者ネットワーク,2019,2,1,17107200
西東京・生活者ネットワーク,2020,2,1,17107200
西東京・生活者ネットワーク,2021,2,1,17107200
西東京・生活者ネットワーク,2022,4,1,17107200
西東京・生活者ネットワーク,2023,2,1,17107200
西東京・生活者ネットワーク,2024,2,1,17107200
西東京・生活者ネットワーク,2025,2,1,17107200
西東京・生活者ネットワーク,2026,2,1,13754400
調布・生活者ネットワーク,2003,1,1,7342500
調布・生活者ネットワーク,2004,1,1,9130000
調布・生活者ネットワーク,2005,1,1,9130000
調布・生活者ネットワーク,2006,1,1,9130000
調布・生活者ネットワーク,2007,2,1,9130000
調布・生活者ネットワーク,2008,1,1,9130000
調布・生活者ネットワーク,2009,1,1,9130000
調布・生活者ネットワーク,2010,1,1,2887500
調布・生活者ネットワーク,2011,1,1,7342500
調布・生活者ネットワーク,2012,1,1,9130000
調布・生活者ネットワーク,2013,1,1,9130000
調布・生活者ネットワーク,2014,1,1,9130000
調布・生活者ネットワーク,2015,2,1,9130000
調布・生活者ネットワーク,2016,1,1,9130000
調布・生活者ネットワーク,2017,1,1,9130000
調布・生活者ネットワーク,2018,1,1,4578750
調布・生活者ネットワーク,2019,1,1,7342500
調布・生活者ネットワーク,2020,1,1,9130000
調布・生活者ネットワーク,2021,1,1,9130000
調布・生活者ネットワーク,2022,1,1,2887500
調布・生活者ネットワーク,2023,1,1,7342500
調布・生活者ネットワーク,2024,1,1,9130000
調布・生活者ネットワーク,2025,1,1,9130000
調布・生活者ネットワーク,2026,1,1,9130000
調布・生活者ネットワーク,2027,1,1,1787500
豊島・生活者ネットワーク,2003,1,1,7767090
豊島・生活者ネットワーク,2004,1,1,9573390
豊島・生活者ネットワーク,2005,1,1,9573390
豊島・生活者ネットワーク,2006,1,1,9573390
豊島・生活者ネットワーク,2007,2,1,9573390
豊島・生活者ネットワーク,2008,1,1,9573390
豊島・生活者ネットワーク,2009,1,1,9573390
豊島・生活者ネットワーク,2010,1,1,9573390
豊島・生活者ネットワーク,2011,2,1,9573390
豊島・生活者ネットワーク,2012,1,1,9573390
豊島・生活者ネットワーク,2013,1,1,9573390
豊島・生活者ネットワーク,2014,1,1,9573390
豊島・生活者ネットワーク,2015,2,1,9573390
豊島・生活者ネットワーク,2016,1,1,9573390
豊島・生活者ネットワーク,2017,1,1,9573390
豊島・生活者ネットワーク,2018,1,1,9573390
豊島・生活者ネットワーク,2019,2,1,9573390
豊島・生活者ネットワーク,2020,1,1,9573390
豊島・生活者ネットワーク,2021,1,1,9573390
豊島・生活者ネットワーク,2022,1,1,9573390
豊島・生活者ネットワーク,2023,1,1,1806300
豊島行革１１０番,2003,1,1,7767090
豊島行革１１０番,2004,1,1,9573390
豊島行革１１０番,2005,1,1,9573390
豊島行革１１０番,2006,1,1,9573390
豊島行革１１０番,2007,2,1,9573390
豊島行革１１０番,2008,1,1,9573390
豊島行革１１０番,2009,1,1,9573390
豊島行革１１０番,2010,1,1,9573390
豊島行革１１０番,2011,1,1,1806300
越谷市民ネットワーク,1999,2,1,15467500
越谷市民ネットワーク,2000,2,1,18917500
越谷市民ネットワーク,2001,2,1,18917500
越谷市民ネットワーク,2002,2,1,18917500
越谷市民ネットワーク,2003,3,1,11183750
越谷市民ネットワーク,2004,1,1,9458750
越谷市民ネットワーク,2005,1,1,6396875
越谷市民ネットワーク,2007,1,1,7733750
越谷市民ネットワーク,2008,1,1,9458750
越谷市民ネットワーク,2009,1,1,9458750
越谷市民ネットワーク,2010,1,1,9458750
越谷市民ネットワーク,2011,2,1,9458750
越谷市民ネットワーク,2012,1,1,9458750
越谷市民ネットワーク,2013,1,1,9458750
越谷市民ネットワーク,2014,1,1,9458750
越谷市民ネットワーク,2015,3,1,17192500
越谷市民ネットワーク,2016,2,1,18917500
越谷市民ネットワーク,2017,2,1,18917500
越谷市民ネットワーク,2018,2,1,18917500
越谷市民ネットワーク,2019,4,1,18917500
越谷市民ネットワーク,2020,2,1,18917500
越谷市民ネットワーク,2021,3,1,15855625
越谷市民ネットワーク,2022,1,1,9458750
越谷市民ネットワーク,2023,4,1,24926250
越谷市民ネットワーク,2024,3,1,28376250
越谷市民ネットワーク,2025,3,1,28376250
越谷市民ネットワーク,2026,3,1,28376250
越谷市民ネットワーク,2027,3,1,5175000
足立・生活者ネットワーク,1999,1,1,7675600
足立・生活者ネットワーク,2000,1,1,9687350
足立・生活者ネットワーク,2001,1,1,9687350
足立・生活者ネットワーク,2002,1,1,9687350
足立・生活者ネットワーク,2003,1,1,2630750
農業,2006,1,1,2145600
農業,2007,3,2,6316800
農業,2008,3,2,7468800
農業,2009,3,2,7468800
農業,2010,3,2,5323200
農業,2011,2,1,1152000
農業党,2023,1,1,4255375
農業党,2024,1,1,9491650
農業党,2025,1,1,9491650
農業党,2026,1,1,9491650
農業党,2027,1,1,5236275
通信・放送と医療を考える市民の会,2007,1,1,3991000
通信・放送と医療を考える市民の会,2008,1,1,3991000
通信・放送と医療を考える市民の会,2009,1,1,3991000
通信・放送と医療を考える市民の会,2010,1,1,3991000
都政を革新する会,2003,2,1,14958528
都政を革新する会,2004,2,1,18853978
都政を革新する会,2005,2,1,18853978
都政を革新する会,2006,2,1,18853978
都政を革新する会,2007,3,1,11374714
都政を革新する会,2008,1,1,9426989
都政を革新する会,2009,1,1,9426989
都政を革新する会,2010,1,1,4764435
都政を革新する会,2019,1,1,7479264
都政を革新する会,2020,1,1,9426989
都政を革新する会,2021,1,1,9426989
都政を革新する会,2022,1,1,3146325
都政を革新する会,2023,1,1,7479264
都政を革新する会,2024,1,1,9426989
都政を革新する会,2025,1,1,9426989
都政を革新する会,2026,1,1,9426989
都政を革新する会,2027,1,1,1947725
都民ファーストの会,2019,28,19,205917004
都民ファーストの会,2020,28,19,256123314
都民ファーストの会,2021,27,18,239890254
都民ファーストの会,2022,29,20,227074804
都民ファーストの会,2023,69,35,406430096
都民ファーストの会,2024,50,34,435700521
都民ファーストの会,2025,46,32,414797681
都民ファーストの会,2026,45,31,383918441
都民ファーストの会,2027,42,28,78545585
門川ネットワーク２１,2002,1,1,1872000
門川ネットワーク２１,2003,2,1,2496000
門川ネットワーク２１,2004,1,1,2496000
門川ネットワーク２１,2005,1,1,2496000
門川ネットワーク２１,2006,1,1,624000
青年自由,1999,3,3,19212432
青年自由,2000,3,3,23668182
青年自由,2001,3,3,23668182
青年自由,2002,3,3,23668182
青年自由,2003,3,3,4455750
青梅・生活者ネットワーク,2003,1,1,7208000
青梅・生活者ネットワーク,2004,1,1,8798000
青梅・生活者ネットワーク,2005,1,1,8798000
青梅・生活者ネットワーク,2006,1,1,8798000
青梅・生活者ネットワーク,2007,2,1,8798000
青梅・生活者ネットワーク,2008,1,1,8798000
青梅・生活者ネットワーク,2009,1,1,8798000
青梅・生活者ネットワーク,2010,1,1,8798000
青梅・生活者ネットワーク,2011,2,1,8798000
青梅・生活者ネットワーク,2012,1,1,8798000
青梅・生活者ネットワーク,2013,1,1,8798000
青梅・生活者ネットワーク,2014,1,1,8798000
青梅・生活者ネットワーク,2015,1,1,1590000
高槻ご意見番,2007,1,1,8844000
高槻ご意見番,2008,1,1,10824000
高槻ご意見番,2009,1,1,10824000
高槻ご意見番,2010,1,1,10824000
高槻ご意見番,2011,2,1,10824000
高槻ご意見番,2012,1,1,10824000
高槻ご意見番,2013,1,1,10824000
高槻ご意見番,2014,1,1,10824000
高槻ご意見番,2015,2,1,10824000
高槻ご意見番,2016,1,1,10824000
高槻ご意見番,2017,1,1,10824000
高槻ご意見番,2018,1,1,10824000
高槻ご意見番,2019,2,1,10824000
高槻ご意見番,2020,1,1,10824000
高槻ご意見番,2021,1,1,10824000
高槻ご意見番,2022,1,1,10824000
高槻ご意見番,2023,2,1,10824000
高槻ご意見番,2024,1,1,10824000
高槻ご意見番,2025,1,1,10824000
高槻ご意見番,2026,1,1,10824000
高槻ご意見番,2027,1,1,1980000
高槻維新の会,2011,2,1,17688000
高槻維新の会,2012,2,1,21648000
高槻維新の会,2013,2,1,21648000
高槻維新の会,2014,2,1,21648000
高槻維新の会,2015,2,1,3960000
龍馬プロジェクトx吹田新撰会,2011,3,1,26130000
龍馬プロジェクトx吹田新撰会,2012,3,1,31980000
龍馬プロジェクトx吹田新撰会,2013,3,1,31980000
龍馬プロジェクトx吹田新撰会,2014,3,1,31980000
龍馬プロジェクトx吹田新撰会,2015,3,1,5850000
２１世紀倶楽部,2007,1,1,4816500
２１世紀倶楽部,2008,1,1,5986500
２１世紀倶楽部,2009,1,1,5986500
２１世紀倶楽部,2010,1,1,5986500
２１世紀倶楽部,2011,1,1,1170000
